User ID,User Link,Debug Link,Position,Tuple Index,Tuple Name,Problems,Cluster,Pair Type,V1 Metric,V2 Metric
U05AC19D4F,https://zzigak.github.io/refactor_study/?id=U05AC19D4F,https://zzigak.github.io/refactor_study/?id=U05AC19D4F&debugKey=xR9mK2nP7qL4wZ8v,1,3,cluster_1/tuple_2:cc_python_2_27:cc_python_27_5:cc_python_5,cc_python_2 + cc_python_27 + cc_python_5,cluster_1,mi_vs_logprob,mi,logprob
U05AC19D4F,https://zzigak.github.io/refactor_study/?id=U05AC19D4F,https://zzigak.github.io/refactor_study/?id=U05AC19D4F&debugKey=xR9mK2nP7qL4wZ8v,2,6,cluster_2/tuple_5:cc_python_5_26:cc_python_26_22:cc_python_22,cc_python_5 + cc_python_26 + cc_python_22,cluster_2,logprob_vs_tokens,logprob,tokens
U05AC19D4F,https://zzigak.github.io/refactor_study/?id=U05AC19D4F,https://zzigak.github.io/refactor_study/?id=U05AC19D4F&debugKey=xR9mK2nP7qL4wZ8v,3,33,cluster_7/tuple_11:cc_python_11_10:cc_python_10_27:cc_python_27,cc_python_11 + cc_python_10 + cc_python_27,cluster_7,mi_vs_tokens,mi,tokens
U05AC19D4F,https://zzigak.github.io/refactor_study/?id=U05AC19D4F,https://zzigak.github.io/refactor_study/?id=U05AC19D4F&debugKey=xR9mK2nP7qL4wZ8v,4,20,cluster_4/tuple_8:cc_python_8_9:cc_python_9_3:cc_python_3,cc_python_8 + cc_python_9 + cc_python_3,cluster_4,logprob_vs_tokens,logprob,tokens
U05AC19D4F,https://zzigak.github.io/refactor_study/?id=U05AC19D4F,https://zzigak.github.io/refactor_study/?id=U05AC19D4F&debugKey=xR9mK2nP7qL4wZ8v,5,4,cluster_1/tuple_2:cc_python_2_27:cc_python_27_5:cc_python_5,cc_python_2 + cc_python_27 + cc_python_5,cluster_1,mi_vs_tokens,mi,tokens
U05AC19D4F,https://zzigak.github.io/refactor_study/?id=U05AC19D4F,https://zzigak.github.io/refactor_study/?id=U05AC19D4F&debugKey=xR9mK2nP7qL4wZ8v,6,29,cluster_6/tuple_12:cc_python_12_2:cc_python_2_11:cc_python_11,cc_python_12 + cc_python_2 + cc_python_11,cluster_6,logprob_vs_tokens,logprob,tokens
U05AC19D4F,https://zzigak.github.io/refactor_study/?id=U05AC19D4F,https://zzigak.github.io/refactor_study/?id=U05AC19D4F&debugKey=xR9mK2nP7qL4wZ8v,7,17,cluster_4/tuple_28:cc_python_28_4:cc_python_4_11:cc_python_11_good,cc_python_28 + cc_python_4 + cc_python_11,cluster_4,logprob_vs_tokens,logprob,tokens
U05AC19D4F,https://zzigak.github.io/refactor_study/?id=U05AC19D4F,https://zzigak.github.io/refactor_study/?id=U05AC19D4F&debugKey=xR9mK2nP7qL4wZ8v,8,43,cluster_9/tuple_8:cc_python_8_10:cc_python_10_20:cc_python_20,cc_python_8 + cc_python_10 + cc_python_20,cluster_9,mi_vs_logprob,mi,logprob
U05AC19D4F,https://zzigak.github.io/refactor_study/?id=U05AC19D4F,https://zzigak.github.io/refactor_study/?id=U05AC19D4F&debugKey=xR9mK2nP7qL4wZ8v,9,42,cluster_9/tuple_17:cc_python_17_16:cc_python_16_19:cc_python_19,cc_python_17 + cc_python_16 + cc_python_19,cluster_9,logprob_vs_tokens,logprob,tokens
U05AC19D4F,https://zzigak.github.io/refactor_study/?id=U05AC19D4F,https://zzigak.github.io/refactor_study/?id=U05AC19D4F&debugKey=xR9mK2nP7qL4wZ8v,10,23,cluster_5/tuple_28:cc_python_28_1:cc_python_1_19:cc_python_19,cc_python_28 + cc_python_1 + cc_python_19,cluster_5,logprob_vs_tokens,logprob,tokens
U09A97DA33,https://zzigak.github.io/refactor_study/?id=U09A97DA33,https://zzigak.github.io/refactor_study/?id=U09A97DA33&debugKey=xR9mK2nP7qL4wZ8v,1,38,cluster_8/tuple_28:cc_python_28_3:cc_python_3_29:cc_python_29,cc_python_28 + cc_python_3 + cc_python_29,cluster_8,mi_vs_logprob,mi,logprob
U09A97DA33,https://zzigak.github.io/refactor_study/?id=U09A97DA33,https://zzigak.github.io/refactor_study/?id=U09A97DA33&debugKey=xR9mK2nP7qL4wZ8v,2,13,cluster_3/tuple_7:cc_python_7_29:cc_python_29_0:cc_python_0,cc_python_7 + cc_python_29 + cc_python_0,cluster_3,mi_vs_tokens,mi,tokens
U09A97DA33,https://zzigak.github.io/refactor_study/?id=U09A97DA33,https://zzigak.github.io/refactor_study/?id=U09A97DA33&debugKey=xR9mK2nP7qL4wZ8v,3,22,cluster_5/tuple_28:cc_python_28_1:cc_python_1_19:cc_python_19,cc_python_28 + cc_python_1 + cc_python_19,cluster_5,mi_vs_tokens,mi,tokens
U09A97DA33,https://zzigak.github.io/refactor_study/?id=U09A97DA33,https://zzigak.github.io/refactor_study/?id=U09A97DA33&debugKey=xR9mK2nP7qL4wZ8v,4,12,cluster_3/tuple_7:cc_python_7_29:cc_python_29_0:cc_python_0,cc_python_7 + cc_python_29 + cc_python_0,cluster_3,mi_vs_logprob,mi,logprob
U09A97DA33,https://zzigak.github.io/refactor_study/?id=U09A97DA33,https://zzigak.github.io/refactor_study/?id=U09A97DA33&debugKey=xR9mK2nP7qL4wZ8v,5,21,cluster_5/tuple_28:cc_python_28_1:cc_python_1_19:cc_python_19,cc_python_28 + cc_python_1 + cc_python_19,cluster_5,mi_vs_logprob,mi,logprob
U09A97DA33,https://zzigak.github.io/refactor_study/?id=U09A97DA33,https://zzigak.github.io/refactor_study/?id=U09A97DA33&debugKey=xR9mK2nP7qL4wZ8v,6,0,cluster_0/tuple_29:cc_python_29_19:cc_python_19_13:cc_python_13,cc_python_29 + cc_python_19 + cc_python_13,cluster_0,mi_vs_logprob,mi,logprob
U09A97DA33,https://zzigak.github.io/refactor_study/?id=U09A97DA33,https://zzigak.github.io/refactor_study/?id=U09A97DA33&debugKey=xR9mK2nP7qL4wZ8v,7,44,cluster_9/tuple_8:cc_python_8_10:cc_python_10_20:cc_python_20,cc_python_8 + cc_python_10 + cc_python_20,cluster_9,logprob_vs_tokens,logprob,tokens
U09A97DA33,https://zzigak.github.io/refactor_study/?id=U09A97DA33,https://zzigak.github.io/refactor_study/?id=U09A97DA33&debugKey=xR9mK2nP7qL4wZ8v,8,43,cluster_9/tuple_8:cc_python_8_10:cc_python_10_20:cc_python_20,cc_python_8 + cc_python_10 + cc_python_20,cluster_9,mi_vs_logprob,mi,logprob
U09A97DA33,https://zzigak.github.io/refactor_study/?id=U09A97DA33,https://zzigak.github.io/refactor_study/?id=U09A97DA33&debugKey=xR9mK2nP7qL4wZ8v,9,10,cluster_3/tuple_6:cc_python_6_21:cc_python_21_9:cc_python_9,cc_python_6 + cc_python_21 + cc_python_9,cluster_3,mi_vs_tokens,mi,tokens
U09A97DA33,https://zzigak.github.io/refactor_study/?id=U09A97DA33,https://zzigak.github.io/refactor_study/?id=U09A97DA33&debugKey=xR9mK2nP7qL4wZ8v,10,29,cluster_6/tuple_12:cc_python_12_2:cc_python_2_11:cc_python_11,cc_python_12 + cc_python_2 + cc_python_11,cluster_6,logprob_vs_tokens,logprob,tokens
U1BDCE9A68,https://zzigak.github.io/refactor_study/?id=U1BDCE9A68,https://zzigak.github.io/refactor_study/?id=U1BDCE9A68&debugKey=xR9mK2nP7qL4wZ8v,1,20,cluster_4/tuple_8:cc_python_8_9:cc_python_9_3:cc_python_3,cc_python_8 + cc_python_9 + cc_python_3,cluster_4,logprob_vs_tokens,logprob,tokens
U1BDCE9A68,https://zzigak.github.io/refactor_study/?id=U1BDCE9A68,https://zzigak.github.io/refactor_study/?id=U1BDCE9A68&debugKey=xR9mK2nP7qL4wZ8v,2,2,cluster_0/tuple_29:cc_python_29_19:cc_python_19_13:cc_python_13,cc_python_29 + cc_python_19 + cc_python_13,cluster_0,logprob_vs_tokens,logprob,tokens
U1BDCE9A68,https://zzigak.github.io/refactor_study/?id=U1BDCE9A68,https://zzigak.github.io/refactor_study/?id=U1BDCE9A68&debugKey=xR9mK2nP7qL4wZ8v,3,9,cluster_3/tuple_6:cc_python_6_21:cc_python_21_9:cc_python_9,cc_python_6 + cc_python_21 + cc_python_9,cluster_3,mi_vs_logprob,mi,logprob
U1BDCE9A68,https://zzigak.github.io/refactor_study/?id=U1BDCE9A68,https://zzigak.github.io/refactor_study/?id=U1BDCE9A68&debugKey=xR9mK2nP7qL4wZ8v,4,35,cluster_7/tuple_16:cc_python_16_25:cc_python_25_19:cc_python_19,cc_python_16 + cc_python_25 + cc_python_19,cluster_7,mi_vs_tokens,mi,tokens
U1BDCE9A68,https://zzigak.github.io/refactor_study/?id=U1BDCE9A68,https://zzigak.github.io/refactor_study/?id=U1BDCE9A68&debugKey=xR9mK2nP7qL4wZ8v,5,37,cluster_8/tuple_24:cc_python_24_15:cc_python_15_10:cc_python_10,cc_python_24 + cc_python_15 + cc_python_10,cluster_8,logprob_vs_tokens,logprob,tokens
U1BDCE9A68,https://zzigak.github.io/refactor_study/?id=U1BDCE9A68,https://zzigak.github.io/refactor_study/?id=U1BDCE9A68&debugKey=xR9mK2nP7qL4wZ8v,6,43,cluster_9/tuple_8:cc_python_8_10:cc_python_10_20:cc_python_20,cc_python_8 + cc_python_10 + cc_python_20,cluster_9,mi_vs_logprob,mi,logprob
U1BDCE9A68,https://zzigak.github.io/refactor_study/?id=U1BDCE9A68,https://zzigak.github.io/refactor_study/?id=U1BDCE9A68&debugKey=xR9mK2nP7qL4wZ8v,7,8,cluster_3/tuple_16:cc_python_16_19:cc_python_19_23:cc_python_23,cc_python_16 + cc_python_19 + cc_python_23,cluster_3,logprob_vs_tokens,logprob,tokens
U1BDCE9A68,https://zzigak.github.io/refactor_study/?id=U1BDCE9A68,https://zzigak.github.io/refactor_study/?id=U1BDCE9A68&debugKey=xR9mK2nP7qL4wZ8v,8,17,cluster_4/tuple_28:cc_python_28_4:cc_python_4_11:cc_python_11_good,cc_python_28 + cc_python_4 + cc_python_11,cluster_4,logprob_vs_tokens,logprob,tokens
U1BDCE9A68,https://zzigak.github.io/refactor_study/?id=U1BDCE9A68,https://zzigak.github.io/refactor_study/?id=U1BDCE9A68&debugKey=xR9mK2nP7qL4wZ8v,9,13,cluster_3/tuple_7:cc_python_7_29:cc_python_29_0:cc_python_0,cc_python_7 + cc_python_29 + cc_python_0,cluster_3,mi_vs_tokens,mi,tokens
U1BDCE9A68,https://zzigak.github.io/refactor_study/?id=U1BDCE9A68,https://zzigak.github.io/refactor_study/?id=U1BDCE9A68&debugKey=xR9mK2nP7qL4wZ8v,10,25,cluster_5/tuple_5:cc_python_5_29:cc_python_29_7:cc_python_7,cc_python_5 + cc_python_29 + cc_python_7,cluster_5,mi_vs_tokens,mi,tokens
U2EAEE0DC2,https://zzigak.github.io/refactor_study/?id=U2EAEE0DC2,https://zzigak.github.io/refactor_study/?id=U2EAEE0DC2&debugKey=xR9mK2nP7qL4wZ8v,1,25,cluster_5/tuple_5:cc_python_5_29:cc_python_29_7:cc_python_7,cc_python_5 + cc_python_29 + cc_python_7,cluster_5,mi_vs_tokens,mi,tokens
U2EAEE0DC2,https://zzigak.github.io/refactor_study/?id=U2EAEE0DC2,https://zzigak.github.io/refactor_study/?id=U2EAEE0DC2&debugKey=xR9mK2nP7qL4wZ8v,2,23,cluster_5/tuple_28:cc_python_28_1:cc_python_1_19:cc_python_19,cc_python_28 + cc_python_1 + cc_python_19,cluster_5,logprob_vs_tokens,logprob,tokens
U2EAEE0DC2,https://zzigak.github.io/refactor_study/?id=U2EAEE0DC2,https://zzigak.github.io/refactor_study/?id=U2EAEE0DC2&debugKey=xR9mK2nP7qL4wZ8v,3,36,cluster_8/tuple_24:cc_python_24_15:cc_python_15_10:cc_python_10,cc_python_24 + cc_python_15 + cc_python_10,cluster_8,mi_vs_logprob,mi,logprob
U2EAEE0DC2,https://zzigak.github.io/refactor_study/?id=U2EAEE0DC2,https://zzigak.github.io/refactor_study/?id=U2EAEE0DC2&debugKey=xR9mK2nP7qL4wZ8v,4,5,cluster_2/tuple_5:cc_python_5_26:cc_python_26_22:cc_python_22,cc_python_5 + cc_python_26 + cc_python_22,cluster_2,mi_vs_tokens,mi,tokens
U2EAEE0DC2,https://zzigak.github.io/refactor_study/?id=U2EAEE0DC2,https://zzigak.github.io/refactor_study/?id=U2EAEE0DC2&debugKey=xR9mK2nP7qL4wZ8v,5,38,cluster_8/tuple_28:cc_python_28_3:cc_python_3_29:cc_python_29,cc_python_28 + cc_python_3 + cc_python_29,cluster_8,mi_vs_logprob,mi,logprob
U2EAEE0DC2,https://zzigak.github.io/refactor_study/?id=U2EAEE0DC2,https://zzigak.github.io/refactor_study/?id=U2EAEE0DC2&debugKey=xR9mK2nP7qL4wZ8v,6,33,cluster_7/tuple_11:cc_python_11_10:cc_python_10_27:cc_python_27,cc_python_11 + cc_python_10 + cc_python_27,cluster_7,mi_vs_tokens,mi,tokens
U2EAEE0DC2,https://zzigak.github.io/refactor_study/?id=U2EAEE0DC2,https://zzigak.github.io/refactor_study/?id=U2EAEE0DC2&debugKey=xR9mK2nP7qL4wZ8v,7,40,cluster_8/tuple_28:cc_python_28_3:cc_python_3_29:cc_python_29,cc_python_28 + cc_python_3 + cc_python_29,cluster_8,logprob_vs_tokens,logprob,tokens
U2EAEE0DC2,https://zzigak.github.io/refactor_study/?id=U2EAEE0DC2,https://zzigak.github.io/refactor_study/?id=U2EAEE0DC2&debugKey=xR9mK2nP7qL4wZ8v,8,29,cluster_6/tuple_12:cc_python_12_2:cc_python_2_11:cc_python_11,cc_python_12 + cc_python_2 + cc_python_11,cluster_6,logprob_vs_tokens,logprob,tokens
U2EAEE0DC2,https://zzigak.github.io/refactor_study/?id=U2EAEE0DC2,https://zzigak.github.io/refactor_study/?id=U2EAEE0DC2&debugKey=xR9mK2nP7qL4wZ8v,9,24,cluster_5/tuple_5:cc_python_5_29:cc_python_29_7:cc_python_7,cc_python_5 + cc_python_29 + cc_python_7,cluster_5,mi_vs_logprob,mi,logprob
U2EAEE0DC2,https://zzigak.github.io/refactor_study/?id=U2EAEE0DC2,https://zzigak.github.io/refactor_study/?id=U2EAEE0DC2&debugKey=xR9mK2nP7qL4wZ8v,10,7,cluster_3/tuple_16:cc_python_16_19:cc_python_19_23:cc_python_23,cc_python_16 + cc_python_19 + cc_python_23,cluster_3,mi_vs_logprob,mi,logprob
U3CFDFE0B6,https://zzigak.github.io/refactor_study/?id=U3CFDFE0B6,https://zzigak.github.io/refactor_study/?id=U3CFDFE0B6&debugKey=xR9mK2nP7qL4wZ8v,1,19,cluster_4/tuple_8:cc_python_8_9:cc_python_9_3:cc_python_3,cc_python_8 + cc_python_9 + cc_python_3,cluster_4,mi_vs_tokens,mi,tokens
U3CFDFE0B6,https://zzigak.github.io/refactor_study/?id=U3CFDFE0B6,https://zzigak.github.io/refactor_study/?id=U3CFDFE0B6&debugKey=xR9mK2nP7qL4wZ8v,2,35,cluster_7/tuple_16:cc_python_16_25:cc_python_25_19:cc_python_19,cc_python_16 + cc_python_25 + cc_python_19,cluster_7,mi_vs_tokens,mi,tokens
U3CFDFE0B6,https://zzigak.github.io/refactor_study/?id=U3CFDFE0B6,https://zzigak.github.io/refactor_study/?id=U3CFDFE0B6&debugKey=xR9mK2nP7qL4wZ8v,3,9,cluster_3/tuple_6:cc_python_6_21:cc_python_21_9:cc_python_9,cc_python_6 + cc_python_21 + cc_python_9,cluster_3,mi_vs_logprob,mi,logprob
U3CFDFE0B6,https://zzigak.github.io/refactor_study/?id=U3CFDFE0B6,https://zzigak.github.io/refactor_study/?id=U3CFDFE0B6&debugKey=xR9mK2nP7qL4wZ8v,4,18,cluster_4/tuple_8:cc_python_8_9:cc_python_9_3:cc_python_3,cc_python_8 + cc_python_9 + cc_python_3,cluster_4,mi_vs_logprob,mi,logprob
U3CFDFE0B6,https://zzigak.github.io/refactor_study/?id=U3CFDFE0B6,https://zzigak.github.io/refactor_study/?id=U3CFDFE0B6&debugKey=xR9mK2nP7qL4wZ8v,5,2,cluster_0/tuple_29:cc_python_29_19:cc_python_19_13:cc_python_13,cc_python_29 + cc_python_19 + cc_python_13,cluster_0,logprob_vs_tokens,logprob,tokens
U3CFDFE0B6,https://zzigak.github.io/refactor_study/?id=U3CFDFE0B6,https://zzigak.github.io/refactor_study/?id=U3CFDFE0B6&debugKey=xR9mK2nP7qL4wZ8v,6,24,cluster_5/tuple_5:cc_python_5_29:cc_python_29_7:cc_python_7,cc_python_5 + cc_python_29 + cc_python_7,cluster_5,mi_vs_logprob,mi,logprob
U3CFDFE0B6,https://zzigak.github.io/refactor_study/?id=U3CFDFE0B6,https://zzigak.github.io/refactor_study/?id=U3CFDFE0B6&debugKey=xR9mK2nP7qL4wZ8v,7,21,cluster_5/tuple_28:cc_python_28_1:cc_python_1_19:cc_python_19,cc_python_28 + cc_python_1 + cc_python_19,cluster_5,mi_vs_logprob,mi,logprob
U3CFDFE0B6,https://zzigak.github.io/refactor_study/?id=U3CFDFE0B6,https://zzigak.github.io/refactor_study/?id=U3CFDFE0B6&debugKey=xR9mK2nP7qL4wZ8v,8,40,cluster_8/tuple_28:cc_python_28_3:cc_python_3_29:cc_python_29,cc_python_28 + cc_python_3 + cc_python_29,cluster_8,logprob_vs_tokens,logprob,tokens
U3CFDFE0B6,https://zzigak.github.io/refactor_study/?id=U3CFDFE0B6,https://zzigak.github.io/refactor_study/?id=U3CFDFE0B6&debugKey=xR9mK2nP7qL4wZ8v,9,6,cluster_2/tuple_5:cc_python_5_26:cc_python_26_22:cc_python_22,cc_python_5 + cc_python_26 + cc_python_22,cluster_2,logprob_vs_tokens,logprob,tokens
U3CFDFE0B6,https://zzigak.github.io/refactor_study/?id=U3CFDFE0B6,https://zzigak.github.io/refactor_study/?id=U3CFDFE0B6&debugKey=xR9mK2nP7qL4wZ8v,10,42,cluster_9/tuple_17:cc_python_17_16:cc_python_16_19:cc_python_19,cc_python_17 + cc_python_16 + cc_python_19,cluster_9,logprob_vs_tokens,logprob,tokens
U3FB15CABE,https://zzigak.github.io/refactor_study/?id=U3FB15CABE,https://zzigak.github.io/refactor_study/?id=U3FB15CABE&debugKey=xR9mK2nP7qL4wZ8v,1,44,cluster_9/tuple_8:cc_python_8_10:cc_python_10_20:cc_python_20,cc_python_8 + cc_python_10 + cc_python_20,cluster_9,logprob_vs_tokens,logprob,tokens
U3FB15CABE,https://zzigak.github.io/refactor_study/?id=U3FB15CABE,https://zzigak.github.io/refactor_study/?id=U3FB15CABE&debugKey=xR9mK2nP7qL4wZ8v,2,1,cluster_0/tuple_29:cc_python_29_19:cc_python_19_13:cc_python_13,cc_python_29 + cc_python_19 + cc_python_13,cluster_0,mi_vs_tokens,mi,tokens
U3FB15CABE,https://zzigak.github.io/refactor_study/?id=U3FB15CABE,https://zzigak.github.io/refactor_study/?id=U3FB15CABE&debugKey=xR9mK2nP7qL4wZ8v,3,43,cluster_9/tuple_8:cc_python_8_10:cc_python_10_20:cc_python_20,cc_python_8 + cc_python_10 + cc_python_20,cluster_9,mi_vs_logprob,mi,logprob
U3FB15CABE,https://zzigak.github.io/refactor_study/?id=U3FB15CABE,https://zzigak.github.io/refactor_study/?id=U3FB15CABE&debugKey=xR9mK2nP7qL4wZ8v,4,0,cluster_0/tuple_29:cc_python_29_19:cc_python_19_13:cc_python_13,cc_python_29 + cc_python_19 + cc_python_13,cluster_0,mi_vs_logprob,mi,logprob
U3FB15CABE,https://zzigak.github.io/refactor_study/?id=U3FB15CABE,https://zzigak.github.io/refactor_study/?id=U3FB15CABE&debugKey=xR9mK2nP7qL4wZ8v,5,28,cluster_6/tuple_12:cc_python_12_2:cc_python_2_11:cc_python_11,cc_python_12 + cc_python_2 + cc_python_11,cluster_6,mi_vs_tokens,mi,tokens
U3FB15CABE,https://zzigak.github.io/refactor_study/?id=U3FB15CABE,https://zzigak.github.io/refactor_study/?id=U3FB15CABE&debugKey=xR9mK2nP7qL4wZ8v,6,20,cluster_4/tuple_8:cc_python_8_9:cc_python_9_3:cc_python_3,cc_python_8 + cc_python_9 + cc_python_3,cluster_4,logprob_vs_tokens,logprob,tokens
U3FB15CABE,https://zzigak.github.io/refactor_study/?id=U3FB15CABE,https://zzigak.github.io/refactor_study/?id=U3FB15CABE&debugKey=xR9mK2nP7qL4wZ8v,7,2,cluster_0/tuple_29:cc_python_29_19:cc_python_19_13:cc_python_13,cc_python_29 + cc_python_19 + cc_python_13,cluster_0,logprob_vs_tokens,logprob,tokens
U3FB15CABE,https://zzigak.github.io/refactor_study/?id=U3FB15CABE,https://zzigak.github.io/refactor_study/?id=U3FB15CABE&debugKey=xR9mK2nP7qL4wZ8v,8,8,cluster_3/tuple_16:cc_python_16_19:cc_python_19_23:cc_python_23,cc_python_16 + cc_python_19 + cc_python_23,cluster_3,logprob_vs_tokens,logprob,tokens
U3FB15CABE,https://zzigak.github.io/refactor_study/?id=U3FB15CABE,https://zzigak.github.io/refactor_study/?id=U3FB15CABE&debugKey=xR9mK2nP7qL4wZ8v,9,36,cluster_8/tuple_24:cc_python_24_15:cc_python_15_10:cc_python_10,cc_python_24 + cc_python_15 + cc_python_10,cluster_8,mi_vs_logprob,mi,logprob
U3FB15CABE,https://zzigak.github.io/refactor_study/?id=U3FB15CABE,https://zzigak.github.io/refactor_study/?id=U3FB15CABE&debugKey=xR9mK2nP7qL4wZ8v,10,32,cluster_7/tuple_11:cc_python_11_10:cc_python_10_27:cc_python_27,cc_python_11 + cc_python_10 + cc_python_27,cluster_7,mi_vs_logprob,mi,logprob
U5B2DC4BA6,https://zzigak.github.io/refactor_study/?id=U5B2DC4BA6,https://zzigak.github.io/refactor_study/?id=U5B2DC4BA6&debugKey=xR9mK2nP7qL4wZ8v,1,36,cluster_8/tuple_24:cc_python_24_15:cc_python_15_10:cc_python_10,cc_python_24 + cc_python_15 + cc_python_10,cluster_8,mi_vs_logprob,mi,logprob
U5B2DC4BA6,https://zzigak.github.io/refactor_study/?id=U5B2DC4BA6,https://zzigak.github.io/refactor_study/?id=U5B2DC4BA6&debugKey=xR9mK2nP7qL4wZ8v,2,3,cluster_1/tuple_2:cc_python_2_27:cc_python_27_5:cc_python_5,cc_python_2 + cc_python_27 + cc_python_5,cluster_1,mi_vs_logprob,mi,logprob
U5B2DC4BA6,https://zzigak.github.io/refactor_study/?id=U5B2DC4BA6,https://zzigak.github.io/refactor_study/?id=U5B2DC4BA6&debugKey=xR9mK2nP7qL4wZ8v,3,33,cluster_7/tuple_11:cc_python_11_10:cc_python_10_27:cc_python_27,cc_python_11 + cc_python_10 + cc_python_27,cluster_7,mi_vs_tokens,mi,tokens
U5B2DC4BA6,https://zzigak.github.io/refactor_study/?id=U5B2DC4BA6,https://zzigak.github.io/refactor_study/?id=U5B2DC4BA6&debugKey=xR9mK2nP7qL4wZ8v,4,11,cluster_3/tuple_6:cc_python_6_21:cc_python_21_9:cc_python_9,cc_python_6 + cc_python_21 + cc_python_9,cluster_3,logprob_vs_tokens,logprob,tokens
U5B2DC4BA6,https://zzigak.github.io/refactor_study/?id=U5B2DC4BA6,https://zzigak.github.io/refactor_study/?id=U5B2DC4BA6&debugKey=xR9mK2nP7qL4wZ8v,5,19,cluster_4/tuple_8:cc_python_8_9:cc_python_9_3:cc_python_3,cc_python_8 + cc_python_9 + cc_python_3,cluster_4,mi_vs_tokens,mi,tokens
U5B2DC4BA6,https://zzigak.github.io/refactor_study/?id=U5B2DC4BA6,https://zzigak.github.io/refactor_study/?id=U5B2DC4BA6&debugKey=xR9mK2nP7qL4wZ8v,6,34,cluster_7/tuple_16:cc_python_16_25:cc_python_25_19:cc_python_19,cc_python_16 + cc_python_25 + cc_python_19,cluster_7,mi_vs_logprob,mi,logprob
U5B2DC4BA6,https://zzigak.github.io/refactor_study/?id=U5B2DC4BA6,https://zzigak.github.io/refactor_study/?id=U5B2DC4BA6&debugKey=xR9mK2nP7qL4wZ8v,7,6,cluster_2/tuple_5:cc_python_5_26:cc_python_26_22:cc_python_22,cc_python_5 + cc_python_26 + cc_python_22,cluster_2,logprob_vs_tokens,logprob,tokens
U5B2DC4BA6,https://zzigak.github.io/refactor_study/?id=U5B2DC4BA6,https://zzigak.github.io/refactor_study/?id=U5B2DC4BA6&debugKey=xR9mK2nP7qL4wZ8v,8,28,cluster_6/tuple_12:cc_python_12_2:cc_python_2_11:cc_python_11,cc_python_12 + cc_python_2 + cc_python_11,cluster_6,mi_vs_tokens,mi,tokens
U5B2DC4BA6,https://zzigak.github.io/refactor_study/?id=U5B2DC4BA6,https://zzigak.github.io/refactor_study/?id=U5B2DC4BA6&debugKey=xR9mK2nP7qL4wZ8v,9,5,cluster_2/tuple_5:cc_python_5_26:cc_python_26_22:cc_python_22,cc_python_5 + cc_python_26 + cc_python_22,cluster_2,mi_vs_tokens,mi,tokens
U5B2DC4BA6,https://zzigak.github.io/refactor_study/?id=U5B2DC4BA6,https://zzigak.github.io/refactor_study/?id=U5B2DC4BA6&debugKey=xR9mK2nP7qL4wZ8v,10,44,cluster_9/tuple_8:cc_python_8_10:cc_python_10_20:cc_python_20,cc_python_8 + cc_python_10 + cc_python_20,cluster_9,logprob_vs_tokens,logprob,tokens
U66C155BCB,https://zzigak.github.io/refactor_study/?id=U66C155BCB,https://zzigak.github.io/refactor_study/?id=U66C155BCB&debugKey=xR9mK2nP7qL4wZ8v,1,34,cluster_7/tuple_16:cc_python_16_25:cc_python_25_19:cc_python_19,cc_python_16 + cc_python_25 + cc_python_19,cluster_7,mi_vs_logprob,mi,logprob
U66C155BCB,https://zzigak.github.io/refactor_study/?id=U66C155BCB,https://zzigak.github.io/refactor_study/?id=U66C155BCB&debugKey=xR9mK2nP7qL4wZ8v,2,39,cluster_8/tuple_28:cc_python_28_3:cc_python_3_29:cc_python_29,cc_python_28 + cc_python_3 + cc_python_29,cluster_8,mi_vs_tokens,mi,tokens
U66C155BCB,https://zzigak.github.io/refactor_study/?id=U66C155BCB,https://zzigak.github.io/refactor_study/?id=U66C155BCB&debugKey=xR9mK2nP7qL4wZ8v,3,16,cluster_4/tuple_28:cc_python_28_4:cc_python_4_11:cc_python_11_good,cc_python_28 + cc_python_4 + cc_python_11,cluster_4,mi_vs_tokens,mi,tokens
U66C155BCB,https://zzigak.github.io/refactor_study/?id=U66C155BCB,https://zzigak.github.io/refactor_study/?id=U66C155BCB&debugKey=xR9mK2nP7qL4wZ8v,4,29,cluster_6/tuple_12:cc_python_12_2:cc_python_2_11:cc_python_11,cc_python_12 + cc_python_2 + cc_python_11,cluster_6,logprob_vs_tokens,logprob,tokens
U66C155BCB,https://zzigak.github.io/refactor_study/?id=U66C155BCB,https://zzigak.github.io/refactor_study/?id=U66C155BCB&debugKey=xR9mK2nP7qL4wZ8v,5,0,cluster_0/tuple_29:cc_python_29_19:cc_python_19_13:cc_python_13,cc_python_29 + cc_python_19 + cc_python_13,cluster_0,mi_vs_logprob,mi,logprob
U66C155BCB,https://zzigak.github.io/refactor_study/?id=U66C155BCB,https://zzigak.github.io/refactor_study/?id=U66C155BCB&debugKey=xR9mK2nP7qL4wZ8v,6,42,cluster_9/tuple_17:cc_python_17_16:cc_python_16_19:cc_python_19,cc_python_17 + cc_python_16 + cc_python_19,cluster_9,logprob_vs_tokens,logprob,tokens
U66C155BCB,https://zzigak.github.io/refactor_study/?id=U66C155BCB,https://zzigak.github.io/refactor_study/?id=U66C155BCB&debugKey=xR9mK2nP7qL4wZ8v,7,37,cluster_8/tuple_24:cc_python_24_15:cc_python_15_10:cc_python_10,cc_python_24 + cc_python_15 + cc_python_10,cluster_8,logprob_vs_tokens,logprob,tokens
U66C155BCB,https://zzigak.github.io/refactor_study/?id=U66C155BCB,https://zzigak.github.io/refactor_study/?id=U66C155BCB&debugKey=xR9mK2nP7qL4wZ8v,8,10,cluster_3/tuple_6:cc_python_6_21:cc_python_21_9:cc_python_9,cc_python_6 + cc_python_21 + cc_python_9,cluster_3,mi_vs_tokens,mi,tokens
U66C155BCB,https://zzigak.github.io/refactor_study/?id=U66C155BCB,https://zzigak.github.io/refactor_study/?id=U66C155BCB&debugKey=xR9mK2nP7qL4wZ8v,9,11,cluster_3/tuple_6:cc_python_6_21:cc_python_21_9:cc_python_9,cc_python_6 + cc_python_21 + cc_python_9,cluster_3,logprob_vs_tokens,logprob,tokens
U66C155BCB,https://zzigak.github.io/refactor_study/?id=U66C155BCB,https://zzigak.github.io/refactor_study/?id=U66C155BCB&debugKey=xR9mK2nP7qL4wZ8v,10,30,cluster_6/tuple_19:cc_python_19_14:cc_python_14_7:cc_python_7,cc_python_19 + cc_python_14 + cc_python_7,cluster_6,mi_vs_logprob,mi,logprob
U6CADFC676,https://zzigak.github.io/refactor_study/?id=U6CADFC676,https://zzigak.github.io/refactor_study/?id=U6CADFC676&debugKey=xR9mK2nP7qL4wZ8v,1,25,cluster_5/tuple_5:cc_python_5_29:cc_python_29_7:cc_python_7,cc_python_5 + cc_python_29 + cc_python_7,cluster_5,mi_vs_tokens,mi,tokens
U6CADFC676,https://zzigak.github.io/refactor_study/?id=U6CADFC676,https://zzigak.github.io/refactor_study/?id=U6CADFC676&debugKey=xR9mK2nP7qL4wZ8v,2,21,cluster_5/tuple_28:cc_python_28_1:cc_python_1_19:cc_python_19,cc_python_28 + cc_python_1 + cc_python_19,cluster_5,mi_vs_logprob,mi,logprob
U6CADFC676,https://zzigak.github.io/refactor_study/?id=U6CADFC676,https://zzigak.github.io/refactor_study/?id=U6CADFC676&debugKey=xR9mK2nP7qL4wZ8v,3,32,cluster_7/tuple_11:cc_python_11_10:cc_python_10_27:cc_python_27,cc_python_11 + cc_python_10 + cc_python_27,cluster_7,mi_vs_logprob,mi,logprob
U6CADFC676,https://zzigak.github.io/refactor_study/?id=U6CADFC676,https://zzigak.github.io/refactor_study/?id=U6CADFC676&debugKey=xR9mK2nP7qL4wZ8v,4,18,cluster_4/tuple_8:cc_python_8_9:cc_python_9_3:cc_python_3,cc_python_8 + cc_python_9 + cc_python_3,cluster_4,mi_vs_logprob,mi,logprob
U6CADFC676,https://zzigak.github.io/refactor_study/?id=U6CADFC676,https://zzigak.github.io/refactor_study/?id=U6CADFC676&debugKey=xR9mK2nP7qL4wZ8v,5,11,cluster_3/tuple_6:cc_python_6_21:cc_python_21_9:cc_python_9,cc_python_6 + cc_python_21 + cc_python_9,cluster_3,logprob_vs_tokens,logprob,tokens
U6CADFC676,https://zzigak.github.io/refactor_study/?id=U6CADFC676,https://zzigak.github.io/refactor_study/?id=U6CADFC676&debugKey=xR9mK2nP7qL4wZ8v,6,3,cluster_1/tuple_2:cc_python_2_27:cc_python_27_5:cc_python_5,cc_python_2 + cc_python_27 + cc_python_5,cluster_1,mi_vs_logprob,mi,logprob
U6CADFC676,https://zzigak.github.io/refactor_study/?id=U6CADFC676,https://zzigak.github.io/refactor_study/?id=U6CADFC676&debugKey=xR9mK2nP7qL4wZ8v,7,30,cluster_6/tuple_19:cc_python_19_14:cc_python_14_7:cc_python_7,cc_python_19 + cc_python_14 + cc_python_7,cluster_6,mi_vs_logprob,mi,logprob
U6CADFC676,https://zzigak.github.io/refactor_study/?id=U6CADFC676,https://zzigak.github.io/refactor_study/?id=U6CADFC676&debugKey=xR9mK2nP7qL4wZ8v,8,13,cluster_3/tuple_7:cc_python_7_29:cc_python_29_0:cc_python_0,cc_python_7 + cc_python_29 + cc_python_0,cluster_3,mi_vs_tokens,mi,tokens
U6CADFC676,https://zzigak.github.io/refactor_study/?id=U6CADFC676,https://zzigak.github.io/refactor_study/?id=U6CADFC676&debugKey=xR9mK2nP7qL4wZ8v,9,5,cluster_2/tuple_5:cc_python_5_26:cc_python_26_22:cc_python_22,cc_python_5 + cc_python_26 + cc_python_22,cluster_2,mi_vs_tokens,mi,tokens
U6CADFC676,https://zzigak.github.io/refactor_study/?id=U6CADFC676,https://zzigak.github.io/refactor_study/?id=U6CADFC676&debugKey=xR9mK2nP7qL4wZ8v,10,22,cluster_5/tuple_28:cc_python_28_1:cc_python_1_19:cc_python_19,cc_python_28 + cc_python_1 + cc_python_19,cluster_5,mi_vs_tokens,mi,tokens
U8F1FD2ACD,https://zzigak.github.io/refactor_study/?id=U8F1FD2ACD,https://zzigak.github.io/refactor_study/?id=U8F1FD2ACD&debugKey=xR9mK2nP7qL4wZ8v,1,6,cluster_2/tuple_5:cc_python_5_26:cc_python_26_22:cc_python_22,cc_python_5 + cc_python_26 + cc_python_22,cluster_2,logprob_vs_tokens,logprob,tokens
U8F1FD2ACD,https://zzigak.github.io/refactor_study/?id=U8F1FD2ACD,https://zzigak.github.io/refactor_study/?id=U8F1FD2ACD&debugKey=xR9mK2nP7qL4wZ8v,2,43,cluster_9/tuple_8:cc_python_8_10:cc_python_10_20:cc_python_20,cc_python_8 + cc_python_10 + cc_python_20,cluster_9,mi_vs_logprob,mi,logprob
U8F1FD2ACD,https://zzigak.github.io/refactor_study/?id=U8F1FD2ACD,https://zzigak.github.io/refactor_study/?id=U8F1FD2ACD&debugKey=xR9mK2nP7qL4wZ8v,3,28,cluster_6/tuple_12:cc_python_12_2:cc_python_2_11:cc_python_11,cc_python_12 + cc_python_2 + cc_python_11,cluster_6,mi_vs_tokens,mi,tokens
U8F1FD2ACD,https://zzigak.github.io/refactor_study/?id=U8F1FD2ACD,https://zzigak.github.io/refactor_study/?id=U8F1FD2ACD&debugKey=xR9mK2nP7qL4wZ8v,4,39,cluster_8/tuple_28:cc_python_28_3:cc_python_3_29:cc_python_29,cc_python_28 + cc_python_3 + cc_python_29,cluster_8,mi_vs_tokens,mi,tokens
U8F1FD2ACD,https://zzigak.github.io/refactor_study/?id=U8F1FD2ACD,https://zzigak.github.io/refactor_study/?id=U8F1FD2ACD&debugKey=xR9mK2nP7qL4wZ8v,5,4,cluster_1/tuple_2:cc_python_2_27:cc_python_27_5:cc_python_5,cc_python_2 + cc_python_27 + cc_python_5,cluster_1,mi_vs_tokens,mi,tokens
U8F1FD2ACD,https://zzigak.github.io/refactor_study/?id=U8F1FD2ACD,https://zzigak.github.io/refactor_study/?id=U8F1FD2ACD&debugKey=xR9mK2nP7qL4wZ8v,6,12,cluster_3/tuple_7:cc_python_7_29:cc_python_29_0:cc_python_0,cc_python_7 + cc_python_29 + cc_python_0,cluster_3,mi_vs_logprob,mi,logprob
U8F1FD2ACD,https://zzigak.github.io/refactor_study/?id=U8F1FD2ACD,https://zzigak.github.io/refactor_study/?id=U8F1FD2ACD&debugKey=xR9mK2nP7qL4wZ8v,7,8,cluster_3/tuple_16:cc_python_16_19:cc_python_19_23:cc_python_23,cc_python_16 + cc_python_19 + cc_python_23,cluster_3,logprob_vs_tokens,logprob,tokens
U8F1FD2ACD,https://zzigak.github.io/refactor_study/?id=U8F1FD2ACD,https://zzigak.github.io/refactor_study/?id=U8F1FD2ACD&debugKey=xR9mK2nP7qL4wZ8v,8,0,cluster_0/tuple_29:cc_python_29_19:cc_python_19_13:cc_python_13,cc_python_29 + cc_python_19 + cc_python_13,cluster_0,mi_vs_logprob,mi,logprob
U8F1FD2ACD,https://zzigak.github.io/refactor_study/?id=U8F1FD2ACD,https://zzigak.github.io/refactor_study/?id=U8F1FD2ACD&debugKey=xR9mK2nP7qL4wZ8v,9,29,cluster_6/tuple_12:cc_python_12_2:cc_python_2_11:cc_python_11,cc_python_12 + cc_python_2 + cc_python_11,cluster_6,logprob_vs_tokens,logprob,tokens
U8F1FD2ACD,https://zzigak.github.io/refactor_study/?id=U8F1FD2ACD,https://zzigak.github.io/refactor_study/?id=U8F1FD2ACD&debugKey=xR9mK2nP7qL4wZ8v,10,42,cluster_9/tuple_17:cc_python_17_16:cc_python_16_19:cc_python_19,cc_python_17 + cc_python_16 + cc_python_19,cluster_9,logprob_vs_tokens,logprob,tokens
U9F2D409BB,https://zzigak.github.io/refactor_study/?id=U9F2D409BB,https://zzigak.github.io/refactor_study/?id=U9F2D409BB&debugKey=xR9mK2nP7qL4wZ8v,1,8,cluster_3/tuple_16:cc_python_16_19:cc_python_19_23:cc_python_23,cc_python_16 + cc_python_19 + cc_python_23,cluster_3,logprob_vs_tokens,logprob,tokens
U9F2D409BB,https://zzigak.github.io/refactor_study/?id=U9F2D409BB,https://zzigak.github.io/refactor_study/?id=U9F2D409BB&debugKey=xR9mK2nP7qL4wZ8v,2,10,cluster_3/tuple_6:cc_python_6_21:cc_python_21_9:cc_python_9,cc_python_6 + cc_python_21 + cc_python_9,cluster_3,mi_vs_tokens,mi,tokens
U9F2D409BB,https://zzigak.github.io/refactor_study/?id=U9F2D409BB,https://zzigak.github.io/refactor_study/?id=U9F2D409BB&debugKey=xR9mK2nP7qL4wZ8v,3,27,cluster_6/tuple_12:cc_python_12_2:cc_python_2_11:cc_python_11,cc_python_12 + cc_python_2 + cc_python_11,cluster_6,mi_vs_logprob,mi,logprob
U9F2D409BB,https://zzigak.github.io/refactor_study/?id=U9F2D409BB,https://zzigak.github.io/refactor_study/?id=U9F2D409BB&debugKey=xR9mK2nP7qL4wZ8v,4,4,cluster_1/tuple_2:cc_python_2_27:cc_python_27_5:cc_python_5,cc_python_2 + cc_python_27 + cc_python_5,cluster_1,mi_vs_tokens,mi,tokens
U9F2D409BB,https://zzigak.github.io/refactor_study/?id=U9F2D409BB,https://zzigak.github.io/refactor_study/?id=U9F2D409BB&debugKey=xR9mK2nP7qL4wZ8v,5,32,cluster_7/tuple_11:cc_python_11_10:cc_python_10_27:cc_python_27,cc_python_11 + cc_python_10 + cc_python_27,cluster_7,mi_vs_logprob,mi,logprob
U9F2D409BB,https://zzigak.github.io/refactor_study/?id=U9F2D409BB,https://zzigak.github.io/refactor_study/?id=U9F2D409BB&debugKey=xR9mK2nP7qL4wZ8v,6,20,cluster_4/tuple_8:cc_python_8_9:cc_python_9_3:cc_python_3,cc_python_8 + cc_python_9 + cc_python_3,cluster_4,logprob_vs_tokens,logprob,tokens
U9F2D409BB,https://zzigak.github.io/refactor_study/?id=U9F2D409BB,https://zzigak.github.io/refactor_study/?id=U9F2D409BB&debugKey=xR9mK2nP7qL4wZ8v,7,12,cluster_3/tuple_7:cc_python_7_29:cc_python_29_0:cc_python_0,cc_python_7 + cc_python_29 + cc_python_0,cluster_3,mi_vs_logprob,mi,logprob
U9F2D409BB,https://zzigak.github.io/refactor_study/?id=U9F2D409BB,https://zzigak.github.io/refactor_study/?id=U9F2D409BB&debugKey=xR9mK2nP7qL4wZ8v,8,43,cluster_9/tuple_8:cc_python_8_10:cc_python_10_20:cc_python_20,cc_python_8 + cc_python_10 + cc_python_20,cluster_9,mi_vs_logprob,mi,logprob
U9F2D409BB,https://zzigak.github.io/refactor_study/?id=U9F2D409BB,https://zzigak.github.io/refactor_study/?id=U9F2D409BB&debugKey=xR9mK2nP7qL4wZ8v,9,30,cluster_6/tuple_19:cc_python_19_14:cc_python_14_7:cc_python_7,cc_python_19 + cc_python_14 + cc_python_7,cluster_6,mi_vs_logprob,mi,logprob
U9F2D409BB,https://zzigak.github.io/refactor_study/?id=U9F2D409BB,https://zzigak.github.io/refactor_study/?id=U9F2D409BB&debugKey=xR9mK2nP7qL4wZ8v,10,6,cluster_2/tuple_5:cc_python_5_26:cc_python_26_22:cc_python_22,cc_python_5 + cc_python_26 + cc_python_22,cluster_2,logprob_vs_tokens,logprob,tokens
UA7D6E9CAA,https://zzigak.github.io/refactor_study/?id=UA7D6E9CAA,https://zzigak.github.io/refactor_study/?id=UA7D6E9CAA&debugKey=xR9mK2nP7qL4wZ8v,1,31,cluster_6/tuple_19:cc_python_19_14:cc_python_14_7:cc_python_7,cc_python_19 + cc_python_14 + cc_python_7,cluster_6,mi_vs_tokens,mi,tokens
UA7D6E9CAA,https://zzigak.github.io/refactor_study/?id=UA7D6E9CAA,https://zzigak.github.io/refactor_study/?id=UA7D6E9CAA&debugKey=xR9mK2nP7qL4wZ8v,2,14,cluster_3/tuple_7:cc_python_7_29:cc_python_29_0:cc_python_0,cc_python_7 + cc_python_29 + cc_python_0,cluster_3,logprob_vs_tokens,logprob,tokens
UA7D6E9CAA,https://zzigak.github.io/refactor_study/?id=UA7D6E9CAA,https://zzigak.github.io/refactor_study/?id=UA7D6E9CAA&debugKey=xR9mK2nP7qL4wZ8v,3,29,cluster_6/tuple_12:cc_python_12_2:cc_python_2_11:cc_python_11,cc_python_12 + cc_python_2 + cc_python_11,cluster_6,logprob_vs_tokens,logprob,tokens
UA7D6E9CAA,https://zzigak.github.io/refactor_study/?id=UA7D6E9CAA,https://zzigak.github.io/refactor_study/?id=UA7D6E9CAA&debugKey=xR9mK2nP7qL4wZ8v,4,12,cluster_3/tuple_7:cc_python_7_29:cc_python_29_0:cc_python_0,cc_python_7 + cc_python_29 + cc_python_0,cluster_3,mi_vs_logprob,mi,logprob
UA7D6E9CAA,https://zzigak.github.io/refactor_study/?id=UA7D6E9CAA,https://zzigak.github.io/refactor_study/?id=UA7D6E9CAA&debugKey=xR9mK2nP7qL4wZ8v,5,17,cluster_4/tuple_28:cc_python_28_4:cc_python_4_11:cc_python_11_good,cc_python_28 + cc_python_4 + cc_python_11,cluster_4,logprob_vs_tokens,logprob,tokens
UA7D6E9CAA,https://zzigak.github.io/refactor_study/?id=UA7D6E9CAA,https://zzigak.github.io/refactor_study/?id=UA7D6E9CAA&debugKey=xR9mK2nP7qL4wZ8v,6,22,cluster_5/tuple_28:cc_python_28_1:cc_python_1_19:cc_python_19,cc_python_28 + cc_python_1 + cc_python_19,cluster_5,mi_vs_tokens,mi,tokens
UA7D6E9CAA,https://zzigak.github.io/refactor_study/?id=UA7D6E9CAA,https://zzigak.github.io/refactor_study/?id=UA7D6E9CAA&debugKey=xR9mK2nP7qL4wZ8v,7,41,cluster_9/tuple_17:cc_python_17_16:cc_python_16_19:cc_python_19,cc_python_17 + cc_python_16 + cc_python_19,cluster_9,mi_vs_tokens,mi,tokens
UA7D6E9CAA,https://zzigak.github.io/refactor_study/?id=UA7D6E9CAA,https://zzigak.github.io/refactor_study/?id=UA7D6E9CAA&debugKey=xR9mK2nP7qL4wZ8v,8,27,cluster_6/tuple_12:cc_python_12_2:cc_python_2_11:cc_python_11,cc_python_12 + cc_python_2 + cc_python_11,cluster_6,mi_vs_logprob,mi,logprob
UA7D6E9CAA,https://zzigak.github.io/refactor_study/?id=UA7D6E9CAA,https://zzigak.github.io/refactor_study/?id=UA7D6E9CAA&debugKey=xR9mK2nP7qL4wZ8v,9,16,cluster_4/tuple_28:cc_python_28_4:cc_python_4_11:cc_python_11_good,cc_python_28 + cc_python_4 + cc_python_11,cluster_4,mi_vs_tokens,mi,tokens
UA7D6E9CAA,https://zzigak.github.io/refactor_study/?id=UA7D6E9CAA,https://zzigak.github.io/refactor_study/?id=UA7D6E9CAA&debugKey=xR9mK2nP7qL4wZ8v,10,38,cluster_8/tuple_28:cc_python_28_3:cc_python_3_29:cc_python_29,cc_python_28 + cc_python_3 + cc_python_29,cluster_8,mi_vs_logprob,mi,logprob
UAB9A7F552,https://zzigak.github.io/refactor_study/?id=UAB9A7F552,https://zzigak.github.io/refactor_study/?id=UAB9A7F552&debugKey=xR9mK2nP7qL4wZ8v,1,35,cluster_7/tuple_16:cc_python_16_25:cc_python_25_19:cc_python_19,cc_python_16 + cc_python_25 + cc_python_19,cluster_7,mi_vs_tokens,mi,tokens
UAB9A7F552,https://zzigak.github.io/refactor_study/?id=UAB9A7F552,https://zzigak.github.io/refactor_study/?id=UAB9A7F552&debugKey=xR9mK2nP7qL4wZ8v,2,23,cluster_5/tuple_28:cc_python_28_1:cc_python_1_19:cc_python_19,cc_python_28 + cc_python_1 + cc_python_19,cluster_5,logprob_vs_tokens,logprob,tokens
UAB9A7F552,https://zzigak.github.io/refactor_study/?id=UAB9A7F552,https://zzigak.github.io/refactor_study/?id=UAB9A7F552&debugKey=xR9mK2nP7qL4wZ8v,3,22,cluster_5/tuple_28:cc_python_28_1:cc_python_1_19:cc_python_19,cc_python_28 + cc_python_1 + cc_python_19,cluster_5,mi_vs_tokens,mi,tokens
UAB9A7F552,https://zzigak.github.io/refactor_study/?id=UAB9A7F552,https://zzigak.github.io/refactor_study/?id=UAB9A7F552&debugKey=xR9mK2nP7qL4wZ8v,4,7,cluster_3/tuple_16:cc_python_16_19:cc_python_19_23:cc_python_23,cc_python_16 + cc_python_19 + cc_python_23,cluster_3,mi_vs_logprob,mi,logprob
UAB9A7F552,https://zzigak.github.io/refactor_study/?id=UAB9A7F552,https://zzigak.github.io/refactor_study/?id=UAB9A7F552&debugKey=xR9mK2nP7qL4wZ8v,5,4,cluster_1/tuple_2:cc_python_2_27:cc_python_27_5:cc_python_5,cc_python_2 + cc_python_27 + cc_python_5,cluster_1,mi_vs_tokens,mi,tokens
UAB9A7F552,https://zzigak.github.io/refactor_study/?id=UAB9A7F552,https://zzigak.github.io/refactor_study/?id=UAB9A7F552&debugKey=xR9mK2nP7qL4wZ8v,6,24,cluster_5/tuple_5:cc_python_5_29:cc_python_29_7:cc_python_7,cc_python_5 + cc_python_29 + cc_python_7,cluster_5,mi_vs_logprob,mi,logprob
UAB9A7F552,https://zzigak.github.io/refactor_study/?id=UAB9A7F552,https://zzigak.github.io/refactor_study/?id=UAB9A7F552&debugKey=xR9mK2nP7qL4wZ8v,7,15,cluster_4/tuple_28:cc_python_28_4:cc_python_4_11:cc_python_11_good,cc_python_28 + cc_python_4 + cc_python_11,cluster_4,mi_vs_logprob,mi,logprob
UAB9A7F552,https://zzigak.github.io/refactor_study/?id=UAB9A7F552,https://zzigak.github.io/refactor_study/?id=UAB9A7F552&debugKey=xR9mK2nP7qL4wZ8v,8,28,cluster_6/tuple_12:cc_python_12_2:cc_python_2_11:cc_python_11,cc_python_12 + cc_python_2 + cc_python_11,cluster_6,mi_vs_tokens,mi,tokens
UAB9A7F552,https://zzigak.github.io/refactor_study/?id=UAB9A7F552,https://zzigak.github.io/refactor_study/?id=UAB9A7F552&debugKey=xR9mK2nP7qL4wZ8v,9,42,cluster_9/tuple_17:cc_python_17_16:cc_python_16_19:cc_python_19,cc_python_17 + cc_python_16 + cc_python_19,cluster_9,logprob_vs_tokens,logprob,tokens
UAB9A7F552,https://zzigak.github.io/refactor_study/?id=UAB9A7F552,https://zzigak.github.io/refactor_study/?id=UAB9A7F552&debugKey=xR9mK2nP7qL4wZ8v,10,33,cluster_7/tuple_11:cc_python_11_10:cc_python_10_27:cc_python_27,cc_python_11 + cc_python_10 + cc_python_27,cluster_7,mi_vs_tokens,mi,tokens
UBD79EBBFA,https://zzigak.github.io/refactor_study/?id=UBD79EBBFA,https://zzigak.github.io/refactor_study/?id=UBD79EBBFA&debugKey=xR9mK2nP7qL4wZ8v,1,42,cluster_9/tuple_17:cc_python_17_16:cc_python_16_19:cc_python_19,cc_python_17 + cc_python_16 + cc_python_19,cluster_9,logprob_vs_tokens,logprob,tokens
UBD79EBBFA,https://zzigak.github.io/refactor_study/?id=UBD79EBBFA,https://zzigak.github.io/refactor_study/?id=UBD79EBBFA&debugKey=xR9mK2nP7qL4wZ8v,2,1,cluster_0/tuple_29:cc_python_29_19:cc_python_19_13:cc_python_13,cc_python_29 + cc_python_19 + cc_python_13,cluster_0,mi_vs_tokens,mi,tokens
UBD79EBBFA,https://zzigak.github.io/refactor_study/?id=UBD79EBBFA,https://zzigak.github.io/refactor_study/?id=UBD79EBBFA&debugKey=xR9mK2nP7qL4wZ8v,3,31,cluster_6/tuple_19:cc_python_19_14:cc_python_14_7:cc_python_7,cc_python_19 + cc_python_14 + cc_python_7,cluster_6,mi_vs_tokens,mi,tokens
UBD79EBBFA,https://zzigak.github.io/refactor_study/?id=UBD79EBBFA,https://zzigak.github.io/refactor_study/?id=UBD79EBBFA&debugKey=xR9mK2nP7qL4wZ8v,4,30,cluster_6/tuple_19:cc_python_19_14:cc_python_14_7:cc_python_7,cc_python_19 + cc_python_14 + cc_python_7,cluster_6,mi_vs_logprob,mi,logprob
UBD79EBBFA,https://zzigak.github.io/refactor_study/?id=UBD79EBBFA,https://zzigak.github.io/refactor_study/?id=UBD79EBBFA&debugKey=xR9mK2nP7qL4wZ8v,5,38,cluster_8/tuple_28:cc_python_28_3:cc_python_3_29:cc_python_29,cc_python_28 + cc_python_3 + cc_python_29,cluster_8,mi_vs_logprob,mi,logprob
UBD79EBBFA,https://zzigak.github.io/refactor_study/?id=UBD79EBBFA,https://zzigak.github.io/refactor_study/?id=UBD79EBBFA&debugKey=xR9mK2nP7qL4wZ8v,6,44,cluster_9/tuple_8:cc_python_8_10:cc_python_10_20:cc_python_20,cc_python_8 + cc_python_10 + cc_python_20,cluster_9,logprob_vs_tokens,logprob,tokens
UBD79EBBFA,https://zzigak.github.io/refactor_study/?id=UBD79EBBFA,https://zzigak.github.io/refactor_study/?id=UBD79EBBFA&debugKey=xR9mK2nP7qL4wZ8v,7,33,cluster_7/tuple_11:cc_python_11_10:cc_python_10_27:cc_python_27,cc_python_11 + cc_python_10 + cc_python_27,cluster_7,mi_vs_tokens,mi,tokens
UBD79EBBFA,https://zzigak.github.io/refactor_study/?id=UBD79EBBFA,https://zzigak.github.io/refactor_study/?id=UBD79EBBFA&debugKey=xR9mK2nP7qL4wZ8v,8,9,cluster_3/tuple_6:cc_python_6_21:cc_python_21_9:cc_python_9,cc_python_6 + cc_python_21 + cc_python_9,cluster_3,mi_vs_logprob,mi,logprob
UBD79EBBFA,https://zzigak.github.io/refactor_study/?id=UBD79EBBFA,https://zzigak.github.io/refactor_study/?id=UBD79EBBFA&debugKey=xR9mK2nP7qL4wZ8v,9,25,cluster_5/tuple_5:cc_python_5_29:cc_python_29_7:cc_python_7,cc_python_5 + cc_python_29 + cc_python_7,cluster_5,mi_vs_tokens,mi,tokens
UBD79EBBFA,https://zzigak.github.io/refactor_study/?id=UBD79EBBFA,https://zzigak.github.io/refactor_study/?id=UBD79EBBFA&debugKey=xR9mK2nP7qL4wZ8v,10,15,cluster_4/tuple_28:cc_python_28_4:cc_python_4_11:cc_python_11_good,cc_python_28 + cc_python_4 + cc_python_11,cluster_4,mi_vs_logprob,mi,logprob
UBE15C9DDB,https://zzigak.github.io/refactor_study/?id=UBE15C9DDB,https://zzigak.github.io/refactor_study/?id=UBE15C9DDB&debugKey=xR9mK2nP7qL4wZ8v,1,16,cluster_4/tuple_28:cc_python_28_4:cc_python_4_11:cc_python_11_good,cc_python_28 + cc_python_4 + cc_python_11,cluster_4,mi_vs_tokens,mi,tokens
UBE15C9DDB,https://zzigak.github.io/refactor_study/?id=UBE15C9DDB,https://zzigak.github.io/refactor_study/?id=UBE15C9DDB&debugKey=xR9mK2nP7qL4wZ8v,2,0,cluster_0/tuple_29:cc_python_29_19:cc_python_19_13:cc_python_13,cc_python_29 + cc_python_19 + cc_python_13,cluster_0,mi_vs_logprob,mi,logprob
UBE15C9DDB,https://zzigak.github.io/refactor_study/?id=UBE15C9DDB,https://zzigak.github.io/refactor_study/?id=UBE15C9DDB&debugKey=xR9mK2nP7qL4wZ8v,3,34,cluster_7/tuple_16:cc_python_16_25:cc_python_25_19:cc_python_19,cc_python_16 + cc_python_25 + cc_python_19,cluster_7,mi_vs_logprob,mi,logprob
UBE15C9DDB,https://zzigak.github.io/refactor_study/?id=UBE15C9DDB,https://zzigak.github.io/refactor_study/?id=UBE15C9DDB&debugKey=xR9mK2nP7qL4wZ8v,4,9,cluster_3/tuple_6:cc_python_6_21:cc_python_21_9:cc_python_9,cc_python_6 + cc_python_21 + cc_python_9,cluster_3,mi_vs_logprob,mi,logprob
UBE15C9DDB,https://zzigak.github.io/refactor_study/?id=UBE15C9DDB,https://zzigak.github.io/refactor_study/?id=UBE15C9DDB&debugKey=xR9mK2nP7qL4wZ8v,5,23,cluster_5/tuple_28:cc_python_28_1:cc_python_1_19:cc_python_19,cc_python_28 + cc_python_1 + cc_python_19,cluster_5,logprob_vs_tokens,logprob,tokens
UBE15C9DDB,https://zzigak.github.io/refactor_study/?id=UBE15C9DDB,https://zzigak.github.io/refactor_study/?id=UBE15C9DDB&debugKey=xR9mK2nP7qL4wZ8v,6,15,cluster_4/tuple_28:cc_python_28_4:cc_python_4_11:cc_python_11_good,cc_python_28 + cc_python_4 + cc_python_11,cluster_4,mi_vs_logprob,mi,logprob
UBE15C9DDB,https://zzigak.github.io/refactor_study/?id=UBE15C9DDB,https://zzigak.github.io/refactor_study/?id=UBE15C9DDB&debugKey=xR9mK2nP7qL4wZ8v,7,7,cluster_3/tuple_16:cc_python_16_19:cc_python_19_23:cc_python_23,cc_python_16 + cc_python_19 + cc_python_23,cluster_3,mi_vs_logprob,mi,logprob
UBE15C9DDB,https://zzigak.github.io/refactor_study/?id=UBE15C9DDB,https://zzigak.github.io/refactor_study/?id=UBE15C9DDB&debugKey=xR9mK2nP7qL4wZ8v,8,36,cluster_8/tuple_24:cc_python_24_15:cc_python_15_10:cc_python_10,cc_python_24 + cc_python_15 + cc_python_10,cluster_8,mi_vs_logprob,mi,logprob
UBE15C9DDB,https://zzigak.github.io/refactor_study/?id=UBE15C9DDB,https://zzigak.github.io/refactor_study/?id=UBE15C9DDB&debugKey=xR9mK2nP7qL4wZ8v,9,2,cluster_0/tuple_29:cc_python_29_19:cc_python_19_13:cc_python_13,cc_python_29 + cc_python_19 + cc_python_13,cluster_0,logprob_vs_tokens,logprob,tokens
UBE15C9DDB,https://zzigak.github.io/refactor_study/?id=UBE15C9DDB,https://zzigak.github.io/refactor_study/?id=UBE15C9DDB&debugKey=xR9mK2nP7qL4wZ8v,10,37,cluster_8/tuple_24:cc_python_24_15:cc_python_15_10:cc_python_10,cc_python_24 + cc_python_15 + cc_python_10,cluster_8,logprob_vs_tokens,logprob,tokens
UC11C8ECC0,https://zzigak.github.io/refactor_study/?id=UC11C8ECC0,https://zzigak.github.io/refactor_study/?id=UC11C8ECC0&debugKey=xR9mK2nP7qL4wZ8v,1,7,cluster_3/tuple_16:cc_python_16_19:cc_python_19_23:cc_python_23,cc_python_16 + cc_python_19 + cc_python_23,cluster_3,mi_vs_logprob,mi,logprob
UC11C8ECC0,https://zzigak.github.io/refactor_study/?id=UC11C8ECC0,https://zzigak.github.io/refactor_study/?id=UC11C8ECC0&debugKey=xR9mK2nP7qL4wZ8v,2,38,cluster_8/tuple_28:cc_python_28_3:cc_python_3_29:cc_python_29,cc_python_28 + cc_python_3 + cc_python_29,cluster_8,mi_vs_logprob,mi,logprob
UC11C8ECC0,https://zzigak.github.io/refactor_study/?id=UC11C8ECC0,https://zzigak.github.io/refactor_study/?id=UC11C8ECC0&debugKey=xR9mK2nP7qL4wZ8v,3,21,cluster_5/tuple_28:cc_python_28_1:cc_python_1_19:cc_python_19,cc_python_28 + cc_python_1 + cc_python_19,cluster_5,mi_vs_logprob,mi,logprob
UC11C8ECC0,https://zzigak.github.io/refactor_study/?id=UC11C8ECC0,https://zzigak.github.io/refactor_study/?id=UC11C8ECC0&debugKey=xR9mK2nP7qL4wZ8v,4,35,cluster_7/tuple_16:cc_python_16_25:cc_python_25_19:cc_python_19,cc_python_16 + cc_python_25 + cc_python_19,cluster_7,mi_vs_tokens,mi,tokens
UC11C8ECC0,https://zzigak.github.io/refactor_study/?id=UC11C8ECC0,https://zzigak.github.io/refactor_study/?id=UC11C8ECC0&debugKey=xR9mK2nP7qL4wZ8v,5,36,cluster_8/tuple_24:cc_python_24_15:cc_python_15_10:cc_python_10,cc_python_24 + cc_python_15 + cc_python_10,cluster_8,mi_vs_logprob,mi,logprob
UC11C8ECC0,https://zzigak.github.io/refactor_study/?id=UC11C8ECC0,https://zzigak.github.io/refactor_study/?id=UC11C8ECC0&debugKey=xR9mK2nP7qL4wZ8v,6,40,cluster_8/tuple_28:cc_python_28_3:cc_python_3_29:cc_python_29,cc_python_28 + cc_python_3 + cc_python_29,cluster_8,logprob_vs_tokens,logprob,tokens
UC11C8ECC0,https://zzigak.github.io/refactor_study/?id=UC11C8ECC0,https://zzigak.github.io/refactor_study/?id=UC11C8ECC0&debugKey=xR9mK2nP7qL4wZ8v,7,41,cluster_9/tuple_17:cc_python_17_16:cc_python_16_19:cc_python_19,cc_python_17 + cc_python_16 + cc_python_19,cluster_9,mi_vs_tokens,mi,tokens
UC11C8ECC0,https://zzigak.github.io/refactor_study/?id=UC11C8ECC0,https://zzigak.github.io/refactor_study/?id=UC11C8ECC0&debugKey=xR9mK2nP7qL4wZ8v,8,33,cluster_7/tuple_11:cc_python_11_10:cc_python_10_27:cc_python_27,cc_python_11 + cc_python_10 + cc_python_27,cluster_7,mi_vs_tokens,mi,tokens
UC11C8ECC0,https://zzigak.github.io/refactor_study/?id=UC11C8ECC0,https://zzigak.github.io/refactor_study/?id=UC11C8ECC0&debugKey=xR9mK2nP7qL4wZ8v,9,44,cluster_9/tuple_8:cc_python_8_10:cc_python_10_20:cc_python_20,cc_python_8 + cc_python_10 + cc_python_20,cluster_9,logprob_vs_tokens,logprob,tokens
UC11C8ECC0,https://zzigak.github.io/refactor_study/?id=UC11C8ECC0,https://zzigak.github.io/refactor_study/?id=UC11C8ECC0&debugKey=xR9mK2nP7qL4wZ8v,10,14,cluster_3/tuple_7:cc_python_7_29:cc_python_29_0:cc_python_0,cc_python_7 + cc_python_29 + cc_python_0,cluster_3,logprob_vs_tokens,logprob,tokens
UC1D5AD80C,https://zzigak.github.io/refactor_study/?id=UC1D5AD80C,https://zzigak.github.io/refactor_study/?id=UC1D5AD80C&debugKey=xR9mK2nP7qL4wZ8v,1,25,cluster_5/tuple_5:cc_python_5_29:cc_python_29_7:cc_python_7,cc_python_5 + cc_python_29 + cc_python_7,cluster_5,mi_vs_tokens,mi,tokens
UC1D5AD80C,https://zzigak.github.io/refactor_study/?id=UC1D5AD80C,https://zzigak.github.io/refactor_study/?id=UC1D5AD80C&debugKey=xR9mK2nP7qL4wZ8v,2,36,cluster_8/tuple_24:cc_python_24_15:cc_python_15_10:cc_python_10,cc_python_24 + cc_python_15 + cc_python_10,cluster_8,mi_vs_logprob,mi,logprob
UC1D5AD80C,https://zzigak.github.io/refactor_study/?id=UC1D5AD80C,https://zzigak.github.io/refactor_study/?id=UC1D5AD80C&debugKey=xR9mK2nP7qL4wZ8v,3,26,cluster_5/tuple_5:cc_python_5_29:cc_python_29_7:cc_python_7,cc_python_5 + cc_python_29 + cc_python_7,cluster_5,logprob_vs_tokens,logprob,tokens
UC1D5AD80C,https://zzigak.github.io/refactor_study/?id=UC1D5AD80C,https://zzigak.github.io/refactor_study/?id=UC1D5AD80C&debugKey=xR9mK2nP7qL4wZ8v,4,22,cluster_5/tuple_28:cc_python_28_1:cc_python_1_19:cc_python_19,cc_python_28 + cc_python_1 + cc_python_19,cluster_5,mi_vs_tokens,mi,tokens
UC1D5AD80C,https://zzigak.github.io/refactor_study/?id=UC1D5AD80C,https://zzigak.github.io/refactor_study/?id=UC1D5AD80C&debugKey=xR9mK2nP7qL4wZ8v,5,27,cluster_6/tuple_12:cc_python_12_2:cc_python_2_11:cc_python_11,cc_python_12 + cc_python_2 + cc_python_11,cluster_6,mi_vs_logprob,mi,logprob
UC1D5AD80C,https://zzigak.github.io/refactor_study/?id=UC1D5AD80C,https://zzigak.github.io/refactor_study/?id=UC1D5AD80C&debugKey=xR9mK2nP7qL4wZ8v,6,2,cluster_0/tuple_29:cc_python_29_19:cc_python_19_13:cc_python_13,cc_python_29 + cc_python_19 + cc_python_13,cluster_0,logprob_vs_tokens,logprob,tokens
UC1D5AD80C,https://zzigak.github.io/refactor_study/?id=UC1D5AD80C,https://zzigak.github.io/refactor_study/?id=UC1D5AD80C&debugKey=xR9mK2nP7qL4wZ8v,7,21,cluster_5/tuple_28:cc_python_28_1:cc_python_1_19:cc_python_19,cc_python_28 + cc_python_1 + cc_python_19,cluster_5,mi_vs_logprob,mi,logprob
UC1D5AD80C,https://zzigak.github.io/refactor_study/?id=UC1D5AD80C,https://zzigak.github.io/refactor_study/?id=UC1D5AD80C&debugKey=xR9mK2nP7qL4wZ8v,8,34,cluster_7/tuple_16:cc_python_16_25:cc_python_25_19:cc_python_19,cc_python_16 + cc_python_25 + cc_python_19,cluster_7,mi_vs_logprob,mi,logprob
UC1D5AD80C,https://zzigak.github.io/refactor_study/?id=UC1D5AD80C,https://zzigak.github.io/refactor_study/?id=UC1D5AD80C&debugKey=xR9mK2nP7qL4wZ8v,9,31,cluster_6/tuple_19:cc_python_19_14:cc_python_14_7:cc_python_7,cc_python_19 + cc_python_14 + cc_python_7,cluster_6,mi_vs_tokens,mi,tokens
UC1D5AD80C,https://zzigak.github.io/refactor_study/?id=UC1D5AD80C,https://zzigak.github.io/refactor_study/?id=UC1D5AD80C&debugKey=xR9mK2nP7qL4wZ8v,10,23,cluster_5/tuple_28:cc_python_28_1:cc_python_1_19:cc_python_19,cc_python_28 + cc_python_1 + cc_python_19,cluster_5,logprob_vs_tokens,logprob,tokens
UC901DDCCC,https://zzigak.github.io/refactor_study/?id=UC901DDCCC,https://zzigak.github.io/refactor_study/?id=UC901DDCCC&debugKey=xR9mK2nP7qL4wZ8v,1,37,cluster_8/tuple_24:cc_python_24_15:cc_python_15_10:cc_python_10,cc_python_24 + cc_python_15 + cc_python_10,cluster_8,logprob_vs_tokens,logprob,tokens
UC901DDCCC,https://zzigak.github.io/refactor_study/?id=UC901DDCCC,https://zzigak.github.io/refactor_study/?id=UC901DDCCC&debugKey=xR9mK2nP7qL4wZ8v,2,16,cluster_4/tuple_28:cc_python_28_4:cc_python_4_11:cc_python_11_good,cc_python_28 + cc_python_4 + cc_python_11,cluster_4,mi_vs_tokens,mi,tokens
UC901DDCCC,https://zzigak.github.io/refactor_study/?id=UC901DDCCC,https://zzigak.github.io/refactor_study/?id=UC901DDCCC&debugKey=xR9mK2nP7qL4wZ8v,3,27,cluster_6/tuple_12:cc_python_12_2:cc_python_2_11:cc_python_11,cc_python_12 + cc_python_2 + cc_python_11,cluster_6,mi_vs_logprob,mi,logprob
UC901DDCCC,https://zzigak.github.io/refactor_study/?id=UC901DDCCC,https://zzigak.github.io/refactor_study/?id=UC901DDCCC&debugKey=xR9mK2nP7qL4wZ8v,4,35,cluster_7/tuple_16:cc_python_16_25:cc_python_25_19:cc_python_19,cc_python_16 + cc_python_25 + cc_python_19,cluster_7,mi_vs_tokens,mi,tokens
UC901DDCCC,https://zzigak.github.io/refactor_study/?id=UC901DDCCC,https://zzigak.github.io/refactor_study/?id=UC901DDCCC&debugKey=xR9mK2nP7qL4wZ8v,5,31,cluster_6/tuple_19:cc_python_19_14:cc_python_14_7:cc_python_7,cc_python_19 + cc_python_14 + cc_python_7,cluster_6,mi_vs_tokens,mi,tokens
UC901DDCCC,https://zzigak.github.io/refactor_study/?id=UC901DDCCC,https://zzigak.github.io/refactor_study/?id=UC901DDCCC&debugKey=xR9mK2nP7qL4wZ8v,6,13,cluster_3/tuple_7:cc_python_7_29:cc_python_29_0:cc_python_0,cc_python_7 + cc_python_29 + cc_python_0,cluster_3,mi_vs_tokens,mi,tokens
UC901DDCCC,https://zzigak.github.io/refactor_study/?id=UC901DDCCC,https://zzigak.github.io/refactor_study/?id=UC901DDCCC&debugKey=xR9mK2nP7qL4wZ8v,7,23,cluster_5/tuple_28:cc_python_28_1:cc_python_1_19:cc_python_19,cc_python_28 + cc_python_1 + cc_python_19,cluster_5,logprob_vs_tokens,logprob,tokens
UC901DDCCC,https://zzigak.github.io/refactor_study/?id=UC901DDCCC,https://zzigak.github.io/refactor_study/?id=UC901DDCCC&debugKey=xR9mK2nP7qL4wZ8v,8,20,cluster_4/tuple_8:cc_python_8_9:cc_python_9_3:cc_python_3,cc_python_8 + cc_python_9 + cc_python_3,cluster_4,logprob_vs_tokens,logprob,tokens
UC901DDCCC,https://zzigak.github.io/refactor_study/?id=UC901DDCCC,https://zzigak.github.io/refactor_study/?id=UC901DDCCC&debugKey=xR9mK2nP7qL4wZ8v,9,15,cluster_4/tuple_28:cc_python_28_4:cc_python_4_11:cc_python_11_good,cc_python_28 + cc_python_4 + cc_python_11,cluster_4,mi_vs_logprob,mi,logprob
UC901DDCCC,https://zzigak.github.io/refactor_study/?id=UC901DDCCC,https://zzigak.github.io/refactor_study/?id=UC901DDCCC&debugKey=xR9mK2nP7qL4wZ8v,10,21,cluster_5/tuple_28:cc_python_28_1:cc_python_1_19:cc_python_19,cc_python_28 + cc_python_1 + cc_python_19,cluster_5,mi_vs_logprob,mi,logprob
UCB458C5AF,https://zzigak.github.io/refactor_study/?id=UCB458C5AF,https://zzigak.github.io/refactor_study/?id=UCB458C5AF&debugKey=xR9mK2nP7qL4wZ8v,1,12,cluster_3/tuple_7:cc_python_7_29:cc_python_29_0:cc_python_0,cc_python_7 + cc_python_29 + cc_python_0,cluster_3,mi_vs_logprob,mi,logprob
UCB458C5AF,https://zzigak.github.io/refactor_study/?id=UCB458C5AF,https://zzigak.github.io/refactor_study/?id=UCB458C5AF&debugKey=xR9mK2nP7qL4wZ8v,2,39,cluster_8/tuple_28:cc_python_28_3:cc_python_3_29:cc_python_29,cc_python_28 + cc_python_3 + cc_python_29,cluster_8,mi_vs_tokens,mi,tokens
UCB458C5AF,https://zzigak.github.io/refactor_study/?id=UCB458C5AF,https://zzigak.github.io/refactor_study/?id=UCB458C5AF&debugKey=xR9mK2nP7qL4wZ8v,3,23,cluster_5/tuple_28:cc_python_28_1:cc_python_1_19:cc_python_19,cc_python_28 + cc_python_1 + cc_python_19,cluster_5,logprob_vs_tokens,logprob,tokens
UCB458C5AF,https://zzigak.github.io/refactor_study/?id=UCB458C5AF,https://zzigak.github.io/refactor_study/?id=UCB458C5AF&debugKey=xR9mK2nP7qL4wZ8v,4,19,cluster_4/tuple_8:cc_python_8_9:cc_python_9_3:cc_python_3,cc_python_8 + cc_python_9 + cc_python_3,cluster_4,mi_vs_tokens,mi,tokens
UCB458C5AF,https://zzigak.github.io/refactor_study/?id=UCB458C5AF,https://zzigak.github.io/refactor_study/?id=UCB458C5AF&debugKey=xR9mK2nP7qL4wZ8v,5,28,cluster_6/tuple_12:cc_python_12_2:cc_python_2_11:cc_python_11,cc_python_12 + cc_python_2 + cc_python_11,cluster_6,mi_vs_tokens,mi,tokens
UCB458C5AF,https://zzigak.github.io/refactor_study/?id=UCB458C5AF,https://zzigak.github.io/refactor_study/?id=UCB458C5AF&debugKey=xR9mK2nP7qL4wZ8v,6,4,cluster_1/tuple_2:cc_python_2_27:cc_python_27_5:cc_python_5,cc_python_2 + cc_python_27 + cc_python_5,cluster_1,mi_vs_tokens,mi,tokens
UCB458C5AF,https://zzigak.github.io/refactor_study/?id=UCB458C5AF,https://zzigak.github.io/refactor_study/?id=UCB458C5AF&debugKey=xR9mK2nP7qL4wZ8v,7,18,cluster_4/tuple_8:cc_python_8_9:cc_python_9_3:cc_python_3,cc_python_8 + cc_python_9 + cc_python_3,cluster_4,mi_vs_logprob,mi,logprob
UCB458C5AF,https://zzigak.github.io/refactor_study/?id=UCB458C5AF,https://zzigak.github.io/refactor_study/?id=UCB458C5AF&debugKey=xR9mK2nP7qL4wZ8v,8,17,cluster_4/tuple_28:cc_python_28_4:cc_python_4_11:cc_python_11_good,cc_python_28 + cc_python_4 + cc_python_11,cluster_4,logprob_vs_tokens,logprob,tokens
UCB458C5AF,https://zzigak.github.io/refactor_study/?id=UCB458C5AF,https://zzigak.github.io/refactor_study/?id=UCB458C5AF&debugKey=xR9mK2nP7qL4wZ8v,9,20,cluster_4/tuple_8:cc_python_8_9:cc_python_9_3:cc_python_3,cc_python_8 + cc_python_9 + cc_python_3,cluster_4,logprob_vs_tokens,logprob,tokens
UCB458C5AF,https://zzigak.github.io/refactor_study/?id=UCB458C5AF,https://zzigak.github.io/refactor_study/?id=UCB458C5AF&debugKey=xR9mK2nP7qL4wZ8v,10,22,cluster_5/tuple_28:cc_python_28_1:cc_python_1_19:cc_python_19,cc_python_28 + cc_python_1 + cc_python_19,cluster_5,mi_vs_tokens,mi,tokens
UCD5A2EA58,https://zzigak.github.io/refactor_study/?id=UCD5A2EA58,https://zzigak.github.io/refactor_study/?id=UCD5A2EA58&debugKey=xR9mK2nP7qL4wZ8v,1,11,cluster_3/tuple_6:cc_python_6_21:cc_python_21_9:cc_python_9,cc_python_6 + cc_python_21 + cc_python_9,cluster_3,logprob_vs_tokens,logprob,tokens
UCD5A2EA58,https://zzigak.github.io/refactor_study/?id=UCD5A2EA58,https://zzigak.github.io/refactor_study/?id=UCD5A2EA58&debugKey=xR9mK2nP7qL4wZ8v,2,5,cluster_2/tuple_5:cc_python_5_26:cc_python_26_22:cc_python_22,cc_python_5 + cc_python_26 + cc_python_22,cluster_2,mi_vs_tokens,mi,tokens
UCD5A2EA58,https://zzigak.github.io/refactor_study/?id=UCD5A2EA58,https://zzigak.github.io/refactor_study/?id=UCD5A2EA58&debugKey=xR9mK2nP7qL4wZ8v,3,27,cluster_6/tuple_12:cc_python_12_2:cc_python_2_11:cc_python_11,cc_python_12 + cc_python_2 + cc_python_11,cluster_6,mi_vs_logprob,mi,logprob
UCD5A2EA58,https://zzigak.github.io/refactor_study/?id=UCD5A2EA58,https://zzigak.github.io/refactor_study/?id=UCD5A2EA58&debugKey=xR9mK2nP7qL4wZ8v,4,18,cluster_4/tuple_8:cc_python_8_9:cc_python_9_3:cc_python_3,cc_python_8 + cc_python_9 + cc_python_3,cluster_4,mi_vs_logprob,mi,logprob
UCD5A2EA58,https://zzigak.github.io/refactor_study/?id=UCD5A2EA58,https://zzigak.github.io/refactor_study/?id=UCD5A2EA58&debugKey=xR9mK2nP7qL4wZ8v,5,43,cluster_9/tuple_8:cc_python_8_10:cc_python_10_20:cc_python_20,cc_python_8 + cc_python_10 + cc_python_20,cluster_9,mi_vs_logprob,mi,logprob
UCD5A2EA58,https://zzigak.github.io/refactor_study/?id=UCD5A2EA58,https://zzigak.github.io/refactor_study/?id=UCD5A2EA58&debugKey=xR9mK2nP7qL4wZ8v,6,39,cluster_8/tuple_28:cc_python_28_3:cc_python_3_29:cc_python_29,cc_python_28 + cc_python_3 + cc_python_29,cluster_8,mi_vs_tokens,mi,tokens
UCD5A2EA58,https://zzigak.github.io/refactor_study/?id=UCD5A2EA58,https://zzigak.github.io/refactor_study/?id=UCD5A2EA58&debugKey=xR9mK2nP7qL4wZ8v,7,6,cluster_2/tuple_5:cc_python_5_26:cc_python_26_22:cc_python_22,cc_python_5 + cc_python_26 + cc_python_22,cluster_2,logprob_vs_tokens,logprob,tokens
UCD5A2EA58,https://zzigak.github.io/refactor_study/?id=UCD5A2EA58,https://zzigak.github.io/refactor_study/?id=UCD5A2EA58&debugKey=xR9mK2nP7qL4wZ8v,8,44,cluster_9/tuple_8:cc_python_8_10:cc_python_10_20:cc_python_20,cc_python_8 + cc_python_10 + cc_python_20,cluster_9,logprob_vs_tokens,logprob,tokens
UCD5A2EA58,https://zzigak.github.io/refactor_study/?id=UCD5A2EA58,https://zzigak.github.io/refactor_study/?id=UCD5A2EA58&debugKey=xR9mK2nP7qL4wZ8v,9,1,cluster_0/tuple_29:cc_python_29_19:cc_python_19_13:cc_python_13,cc_python_29 + cc_python_19 + cc_python_13,cluster_0,mi_vs_tokens,mi,tokens
UCD5A2EA58,https://zzigak.github.io/refactor_study/?id=UCD5A2EA58,https://zzigak.github.io/refactor_study/?id=UCD5A2EA58&debugKey=xR9mK2nP7qL4wZ8v,10,10,cluster_3/tuple_6:cc_python_6_21:cc_python_21_9:cc_python_9,cc_python_6 + cc_python_21 + cc_python_9,cluster_3,mi_vs_tokens,mi,tokens
UD1383497A,https://zzigak.github.io/refactor_study/?id=UD1383497A,https://zzigak.github.io/refactor_study/?id=UD1383497A&debugKey=xR9mK2nP7qL4wZ8v,1,27,cluster_6/tuple_12:cc_python_12_2:cc_python_2_11:cc_python_11,cc_python_12 + cc_python_2 + cc_python_11,cluster_6,mi_vs_logprob,mi,logprob
UD1383497A,https://zzigak.github.io/refactor_study/?id=UD1383497A,https://zzigak.github.io/refactor_study/?id=UD1383497A&debugKey=xR9mK2nP7qL4wZ8v,2,41,cluster_9/tuple_17:cc_python_17_16:cc_python_16_19:cc_python_19,cc_python_17 + cc_python_16 + cc_python_19,cluster_9,mi_vs_tokens,mi,tokens
UD1383497A,https://zzigak.github.io/refactor_study/?id=UD1383497A,https://zzigak.github.io/refactor_study/?id=UD1383497A&debugKey=xR9mK2nP7qL4wZ8v,3,40,cluster_8/tuple_28:cc_python_28_3:cc_python_3_29:cc_python_29,cc_python_28 + cc_python_3 + cc_python_29,cluster_8,logprob_vs_tokens,logprob,tokens
UD1383497A,https://zzigak.github.io/refactor_study/?id=UD1383497A,https://zzigak.github.io/refactor_study/?id=UD1383497A&debugKey=xR9mK2nP7qL4wZ8v,4,4,cluster_1/tuple_2:cc_python_2_27:cc_python_27_5:cc_python_5,cc_python_2 + cc_python_27 + cc_python_5,cluster_1,mi_vs_tokens,mi,tokens
UD1383497A,https://zzigak.github.io/refactor_study/?id=UD1383497A,https://zzigak.github.io/refactor_study/?id=UD1383497A&debugKey=xR9mK2nP7qL4wZ8v,5,14,cluster_3/tuple_7:cc_python_7_29:cc_python_29_0:cc_python_0,cc_python_7 + cc_python_29 + cc_python_0,cluster_3,logprob_vs_tokens,logprob,tokens
UD1383497A,https://zzigak.github.io/refactor_study/?id=UD1383497A,https://zzigak.github.io/refactor_study/?id=UD1383497A&debugKey=xR9mK2nP7qL4wZ8v,6,3,cluster_1/tuple_2:cc_python_2_27:cc_python_27_5:cc_python_5,cc_python_2 + cc_python_27 + cc_python_5,cluster_1,mi_vs_logprob,mi,logprob
UD1383497A,https://zzigak.github.io/refactor_study/?id=UD1383497A,https://zzigak.github.io/refactor_study/?id=UD1383497A&debugKey=xR9mK2nP7qL4wZ8v,7,37,cluster_8/tuple_24:cc_python_24_15:cc_python_15_10:cc_python_10,cc_python_24 + cc_python_15 + cc_python_10,cluster_8,logprob_vs_tokens,logprob,tokens
UD1383497A,https://zzigak.github.io/refactor_study/?id=UD1383497A,https://zzigak.github.io/refactor_study/?id=UD1383497A&debugKey=xR9mK2nP7qL4wZ8v,8,32,cluster_7/tuple_11:cc_python_11_10:cc_python_10_27:cc_python_27,cc_python_11 + cc_python_10 + cc_python_27,cluster_7,mi_vs_logprob,mi,logprob
UD1383497A,https://zzigak.github.io/refactor_study/?id=UD1383497A,https://zzigak.github.io/refactor_study/?id=UD1383497A&debugKey=xR9mK2nP7qL4wZ8v,9,1,cluster_0/tuple_29:cc_python_29_19:cc_python_19_13:cc_python_13,cc_python_29 + cc_python_19 + cc_python_13,cluster_0,mi_vs_tokens,mi,tokens
UD1383497A,https://zzigak.github.io/refactor_study/?id=UD1383497A,https://zzigak.github.io/refactor_study/?id=UD1383497A&debugKey=xR9mK2nP7qL4wZ8v,10,11,cluster_3/tuple_6:cc_python_6_21:cc_python_21_9:cc_python_9,cc_python_6 + cc_python_21 + cc_python_9,cluster_3,logprob_vs_tokens,logprob,tokens
UDAA55EABD,https://zzigak.github.io/refactor_study/?id=UDAA55EABD,https://zzigak.github.io/refactor_study/?id=UDAA55EABD&debugKey=xR9mK2nP7qL4wZ8v,1,24,cluster_5/tuple_5:cc_python_5_29:cc_python_29_7:cc_python_7,cc_python_5 + cc_python_29 + cc_python_7,cluster_5,mi_vs_logprob,mi,logprob
UDAA55EABD,https://zzigak.github.io/refactor_study/?id=UDAA55EABD,https://zzigak.github.io/refactor_study/?id=UDAA55EABD&debugKey=xR9mK2nP7qL4wZ8v,2,19,cluster_4/tuple_8:cc_python_8_9:cc_python_9_3:cc_python_3,cc_python_8 + cc_python_9 + cc_python_3,cluster_4,mi_vs_tokens,mi,tokens
UDAA55EABD,https://zzigak.github.io/refactor_study/?id=UDAA55EABD,https://zzigak.github.io/refactor_study/?id=UDAA55EABD&debugKey=xR9mK2nP7qL4wZ8v,3,8,cluster_3/tuple_16:cc_python_16_19:cc_python_19_23:cc_python_23,cc_python_16 + cc_python_19 + cc_python_23,cluster_3,logprob_vs_tokens,logprob,tokens
UDAA55EABD,https://zzigak.github.io/refactor_study/?id=UDAA55EABD,https://zzigak.github.io/refactor_study/?id=UDAA55EABD&debugKey=xR9mK2nP7qL4wZ8v,4,1,cluster_0/tuple_29:cc_python_29_19:cc_python_19_13:cc_python_13,cc_python_29 + cc_python_19 + cc_python_13,cluster_0,mi_vs_tokens,mi,tokens
UDAA55EABD,https://zzigak.github.io/refactor_study/?id=UDAA55EABD,https://zzigak.github.io/refactor_study/?id=UDAA55EABD&debugKey=xR9mK2nP7qL4wZ8v,5,11,cluster_3/tuple_6:cc_python_6_21:cc_python_21_9:cc_python_9,cc_python_6 + cc_python_21 + cc_python_9,cluster_3,logprob_vs_tokens,logprob,tokens
UDAA55EABD,https://zzigak.github.io/refactor_study/?id=UDAA55EABD,https://zzigak.github.io/refactor_study/?id=UDAA55EABD&debugKey=xR9mK2nP7qL4wZ8v,6,41,cluster_9/tuple_17:cc_python_17_16:cc_python_16_19:cc_python_19,cc_python_17 + cc_python_16 + cc_python_19,cluster_9,mi_vs_tokens,mi,tokens
UDAA55EABD,https://zzigak.github.io/refactor_study/?id=UDAA55EABD,https://zzigak.github.io/refactor_study/?id=UDAA55EABD&debugKey=xR9mK2nP7qL4wZ8v,7,3,cluster_1/tuple_2:cc_python_2_27:cc_python_27_5:cc_python_5,cc_python_2 + cc_python_27 + cc_python_5,cluster_1,mi_vs_logprob,mi,logprob
UDAA55EABD,https://zzigak.github.io/refactor_study/?id=UDAA55EABD,https://zzigak.github.io/refactor_study/?id=UDAA55EABD&debugKey=xR9mK2nP7qL4wZ8v,8,7,cluster_3/tuple_16:cc_python_16_19:cc_python_19_23:cc_python_23,cc_python_16 + cc_python_19 + cc_python_23,cluster_3,mi_vs_logprob,mi,logprob
UDAA55EABD,https://zzigak.github.io/refactor_study/?id=UDAA55EABD,https://zzigak.github.io/refactor_study/?id=UDAA55EABD&debugKey=xR9mK2nP7qL4wZ8v,9,34,cluster_7/tuple_16:cc_python_16_25:cc_python_25_19:cc_python_19,cc_python_16 + cc_python_25 + cc_python_19,cluster_7,mi_vs_logprob,mi,logprob
UDAA55EABD,https://zzigak.github.io/refactor_study/?id=UDAA55EABD,https://zzigak.github.io/refactor_study/?id=UDAA55EABD&debugKey=xR9mK2nP7qL4wZ8v,10,14,cluster_3/tuple_7:cc_python_7_29:cc_python_29_0:cc_python_0,cc_python_7 + cc_python_29 + cc_python_0,cluster_3,logprob_vs_tokens,logprob,tokens
UDAE44E331,https://zzigak.github.io/refactor_study/?id=UDAE44E331,https://zzigak.github.io/refactor_study/?id=UDAE44E331&debugKey=xR9mK2nP7qL4wZ8v,1,15,cluster_4/tuple_28:cc_python_28_4:cc_python_4_11:cc_python_11_good,cc_python_28 + cc_python_4 + cc_python_11,cluster_4,mi_vs_logprob,mi,logprob
UDAE44E331,https://zzigak.github.io/refactor_study/?id=UDAE44E331,https://zzigak.github.io/refactor_study/?id=UDAE44E331&debugKey=xR9mK2nP7qL4wZ8v,2,39,cluster_8/tuple_28:cc_python_28_3:cc_python_3_29:cc_python_29,cc_python_28 + cc_python_3 + cc_python_29,cluster_8,mi_vs_tokens,mi,tokens
UDAE44E331,https://zzigak.github.io/refactor_study/?id=UDAE44E331,https://zzigak.github.io/refactor_study/?id=UDAE44E331&debugKey=xR9mK2nP7qL4wZ8v,3,17,cluster_4/tuple_28:cc_python_28_4:cc_python_4_11:cc_python_11_good,cc_python_28 + cc_python_4 + cc_python_11,cluster_4,logprob_vs_tokens,logprob,tokens
UDAE44E331,https://zzigak.github.io/refactor_study/?id=UDAE44E331,https://zzigak.github.io/refactor_study/?id=UDAE44E331&debugKey=xR9mK2nP7qL4wZ8v,4,34,cluster_7/tuple_16:cc_python_16_25:cc_python_25_19:cc_python_19,cc_python_16 + cc_python_25 + cc_python_19,cluster_7,mi_vs_logprob,mi,logprob
UDAE44E331,https://zzigak.github.io/refactor_study/?id=UDAE44E331,https://zzigak.github.io/refactor_study/?id=UDAE44E331&debugKey=xR9mK2nP7qL4wZ8v,5,7,cluster_3/tuple_16:cc_python_16_19:cc_python_19_23:cc_python_23,cc_python_16 + cc_python_19 + cc_python_23,cluster_3,mi_vs_logprob,mi,logprob
UDAE44E331,https://zzigak.github.io/refactor_study/?id=UDAE44E331,https://zzigak.github.io/refactor_study/?id=UDAE44E331&debugKey=xR9mK2nP7qL4wZ8v,6,38,cluster_8/tuple_28:cc_python_28_3:cc_python_3_29:cc_python_29,cc_python_28 + cc_python_3 + cc_python_29,cluster_8,mi_vs_logprob,mi,logprob
UDAE44E331,https://zzigak.github.io/refactor_study/?id=UDAE44E331,https://zzigak.github.io/refactor_study/?id=UDAE44E331&debugKey=xR9mK2nP7qL4wZ8v,7,14,cluster_3/tuple_7:cc_python_7_29:cc_python_29_0:cc_python_0,cc_python_7 + cc_python_29 + cc_python_0,cluster_3,logprob_vs_tokens,logprob,tokens
UDAE44E331,https://zzigak.github.io/refactor_study/?id=UDAE44E331,https://zzigak.github.io/refactor_study/?id=UDAE44E331&debugKey=xR9mK2nP7qL4wZ8v,8,8,cluster_3/tuple_16:cc_python_16_19:cc_python_19_23:cc_python_23,cc_python_16 + cc_python_19 + cc_python_23,cluster_3,logprob_vs_tokens,logprob,tokens
UDAE44E331,https://zzigak.github.io/refactor_study/?id=UDAE44E331,https://zzigak.github.io/refactor_study/?id=UDAE44E331&debugKey=xR9mK2nP7qL4wZ8v,9,16,cluster_4/tuple_28:cc_python_28_4:cc_python_4_11:cc_python_11_good,cc_python_28 + cc_python_4 + cc_python_11,cluster_4,mi_vs_tokens,mi,tokens
UDAE44E331,https://zzigak.github.io/refactor_study/?id=UDAE44E331,https://zzigak.github.io/refactor_study/?id=UDAE44E331&debugKey=xR9mK2nP7qL4wZ8v,10,19,cluster_4/tuple_8:cc_python_8_9:cc_python_9_3:cc_python_3,cc_python_8 + cc_python_9 + cc_python_3,cluster_4,mi_vs_tokens,mi,tokens
UDF4D5ADC2,https://zzigak.github.io/refactor_study/?id=UDF4D5ADC2,https://zzigak.github.io/refactor_study/?id=UDF4D5ADC2&debugKey=xR9mK2nP7qL4wZ8v,1,5,cluster_2/tuple_5:cc_python_5_26:cc_python_26_22:cc_python_22,cc_python_5 + cc_python_26 + cc_python_22,cluster_2,mi_vs_tokens,mi,tokens
UDF4D5ADC2,https://zzigak.github.io/refactor_study/?id=UDF4D5ADC2,https://zzigak.github.io/refactor_study/?id=UDF4D5ADC2&debugKey=xR9mK2nP7qL4wZ8v,2,37,cluster_8/tuple_24:cc_python_24_15:cc_python_15_10:cc_python_10,cc_python_24 + cc_python_15 + cc_python_10,cluster_8,logprob_vs_tokens,logprob,tokens
UDF4D5ADC2,https://zzigak.github.io/refactor_study/?id=UDF4D5ADC2,https://zzigak.github.io/refactor_study/?id=UDF4D5ADC2&debugKey=xR9mK2nP7qL4wZ8v,3,30,cluster_6/tuple_19:cc_python_19_14:cc_python_14_7:cc_python_7,cc_python_19 + cc_python_14 + cc_python_7,cluster_6,mi_vs_logprob,mi,logprob
UDF4D5ADC2,https://zzigak.github.io/refactor_study/?id=UDF4D5ADC2,https://zzigak.github.io/refactor_study/?id=UDF4D5ADC2&debugKey=xR9mK2nP7qL4wZ8v,4,41,cluster_9/tuple_17:cc_python_17_16:cc_python_16_19:cc_python_19,cc_python_17 + cc_python_16 + cc_python_19,cluster_9,mi_vs_tokens,mi,tokens
UDF4D5ADC2,https://zzigak.github.io/refactor_study/?id=UDF4D5ADC2,https://zzigak.github.io/refactor_study/?id=UDF4D5ADC2&debugKey=xR9mK2nP7qL4wZ8v,5,2,cluster_0/tuple_29:cc_python_29_19:cc_python_19_13:cc_python_13,cc_python_29 + cc_python_19 + cc_python_13,cluster_0,logprob_vs_tokens,logprob,tokens
UDF4D5ADC2,https://zzigak.github.io/refactor_study/?id=UDF4D5ADC2,https://zzigak.github.io/refactor_study/?id=UDF4D5ADC2&debugKey=xR9mK2nP7qL4wZ8v,6,19,cluster_4/tuple_8:cc_python_8_9:cc_python_9_3:cc_python_3,cc_python_8 + cc_python_9 + cc_python_3,cluster_4,mi_vs_tokens,mi,tokens
UDF4D5ADC2,https://zzigak.github.io/refactor_study/?id=UDF4D5ADC2,https://zzigak.github.io/refactor_study/?id=UDF4D5ADC2&debugKey=xR9mK2nP7qL4wZ8v,7,9,cluster_3/tuple_6:cc_python_6_21:cc_python_21_9:cc_python_9,cc_python_6 + cc_python_21 + cc_python_9,cluster_3,mi_vs_logprob,mi,logprob
UDF4D5ADC2,https://zzigak.github.io/refactor_study/?id=UDF4D5ADC2,https://zzigak.github.io/refactor_study/?id=UDF4D5ADC2&debugKey=xR9mK2nP7qL4wZ8v,8,40,cluster_8/tuple_28:cc_python_28_3:cc_python_3_29:cc_python_29,cc_python_28 + cc_python_3 + cc_python_29,cluster_8,logprob_vs_tokens,logprob,tokens
UDF4D5ADC2,https://zzigak.github.io/refactor_study/?id=UDF4D5ADC2,https://zzigak.github.io/refactor_study/?id=UDF4D5ADC2&debugKey=xR9mK2nP7qL4wZ8v,9,31,cluster_6/tuple_19:cc_python_19_14:cc_python_14_7:cc_python_7,cc_python_19 + cc_python_14 + cc_python_7,cluster_6,mi_vs_tokens,mi,tokens
UDF4D5ADC2,https://zzigak.github.io/refactor_study/?id=UDF4D5ADC2,https://zzigak.github.io/refactor_study/?id=UDF4D5ADC2&debugKey=xR9mK2nP7qL4wZ8v,10,12,cluster_3/tuple_7:cc_python_7_29:cc_python_29_0:cc_python_0,cc_python_7 + cc_python_29 + cc_python_0,cluster_3,mi_vs_logprob,mi,logprob
UE68DCBABD,https://zzigak.github.io/refactor_study/?id=UE68DCBABD,https://zzigak.github.io/refactor_study/?id=UE68DCBABD&debugKey=xR9mK2nP7qL4wZ8v,1,1,cluster_0/tuple_29:cc_python_29_19:cc_python_19_13:cc_python_13,cc_python_29 + cc_python_19 + cc_python_13,cluster_0,mi_vs_tokens,mi,tokens
UE68DCBABD,https://zzigak.github.io/refactor_study/?id=UE68DCBABD,https://zzigak.github.io/refactor_study/?id=UE68DCBABD&debugKey=xR9mK2nP7qL4wZ8v,2,33,cluster_7/tuple_11:cc_python_11_10:cc_python_10_27:cc_python_27,cc_python_11 + cc_python_10 + cc_python_27,cluster_7,mi_vs_tokens,mi,tokens
UE68DCBABD,https://zzigak.github.io/refactor_study/?id=UE68DCBABD,https://zzigak.github.io/refactor_study/?id=UE68DCBABD&debugKey=xR9mK2nP7qL4wZ8v,3,0,cluster_0/tuple_29:cc_python_29_19:cc_python_19_13:cc_python_13,cc_python_29 + cc_python_19 + cc_python_13,cluster_0,mi_vs_logprob,mi,logprob
UE68DCBABD,https://zzigak.github.io/refactor_study/?id=UE68DCBABD,https://zzigak.github.io/refactor_study/?id=UE68DCBABD&debugKey=xR9mK2nP7qL4wZ8v,4,32,cluster_7/tuple_11:cc_python_11_10:cc_python_10_27:cc_python_27,cc_python_11 + cc_python_10 + cc_python_27,cluster_7,mi_vs_logprob,mi,logprob
UE68DCBABD,https://zzigak.github.io/refactor_study/?id=UE68DCBABD,https://zzigak.github.io/refactor_study/?id=UE68DCBABD&debugKey=xR9mK2nP7qL4wZ8v,5,31,cluster_6/tuple_19:cc_python_19_14:cc_python_14_7:cc_python_7,cc_python_19 + cc_python_14 + cc_python_7,cluster_6,mi_vs_tokens,mi,tokens
UE68DCBABD,https://zzigak.github.io/refactor_study/?id=UE68DCBABD,https://zzigak.github.io/refactor_study/?id=UE68DCBABD&debugKey=xR9mK2nP7qL4wZ8v,6,26,cluster_5/tuple_5:cc_python_5_29:cc_python_29_7:cc_python_7,cc_python_5 + cc_python_29 + cc_python_7,cluster_5,logprob_vs_tokens,logprob,tokens
UE68DCBABD,https://zzigak.github.io/refactor_study/?id=UE68DCBABD,https://zzigak.github.io/refactor_study/?id=UE68DCBABD&debugKey=xR9mK2nP7qL4wZ8v,7,44,cluster_9/tuple_8:cc_python_8_10:cc_python_10_20:cc_python_20,cc_python_8 + cc_python_10 + cc_python_20,cluster_9,logprob_vs_tokens,logprob,tokens
UE68DCBABD,https://zzigak.github.io/refactor_study/?id=UE68DCBABD,https://zzigak.github.io/refactor_study/?id=UE68DCBABD&debugKey=xR9mK2nP7qL4wZ8v,8,2,cluster_0/tuple_29:cc_python_29_19:cc_python_19_13:cc_python_13,cc_python_29 + cc_python_19 + cc_python_13,cluster_0,logprob_vs_tokens,logprob,tokens
UE68DCBABD,https://zzigak.github.io/refactor_study/?id=UE68DCBABD,https://zzigak.github.io/refactor_study/?id=UE68DCBABD&debugKey=xR9mK2nP7qL4wZ8v,9,15,cluster_4/tuple_28:cc_python_28_4:cc_python_4_11:cc_python_11_good,cc_python_28 + cc_python_4 + cc_python_11,cluster_4,mi_vs_logprob,mi,logprob
UE68DCBABD,https://zzigak.github.io/refactor_study/?id=UE68DCBABD,https://zzigak.github.io/refactor_study/?id=UE68DCBABD&debugKey=xR9mK2nP7qL4wZ8v,10,18,cluster_4/tuple_8:cc_python_8_9:cc_python_9_3:cc_python_3,cc_python_8 + cc_python_9 + cc_python_3,cluster_4,mi_vs_logprob,mi,logprob
UEA206A7F5,https://zzigak.github.io/refactor_study/?id=UEA206A7F5,https://zzigak.github.io/refactor_study/?id=UEA206A7F5&debugKey=xR9mK2nP7qL4wZ8v,1,18,cluster_4/tuple_8:cc_python_8_9:cc_python_9_3:cc_python_3,cc_python_8 + cc_python_9 + cc_python_3,cluster_4,mi_vs_logprob,mi,logprob
UEA206A7F5,https://zzigak.github.io/refactor_study/?id=UEA206A7F5,https://zzigak.github.io/refactor_study/?id=UEA206A7F5&debugKey=xR9mK2nP7qL4wZ8v,2,24,cluster_5/tuple_5:cc_python_5_29:cc_python_29_7:cc_python_7,cc_python_5 + cc_python_29 + cc_python_7,cluster_5,mi_vs_logprob,mi,logprob
UEA206A7F5,https://zzigak.github.io/refactor_study/?id=UEA206A7F5,https://zzigak.github.io/refactor_study/?id=UEA206A7F5&debugKey=xR9mK2nP7qL4wZ8v,3,17,cluster_4/tuple_28:cc_python_28_4:cc_python_4_11:cc_python_11_good,cc_python_28 + cc_python_4 + cc_python_11,cluster_4,logprob_vs_tokens,logprob,tokens
UEA206A7F5,https://zzigak.github.io/refactor_study/?id=UEA206A7F5,https://zzigak.github.io/refactor_study/?id=UEA206A7F5&debugKey=xR9mK2nP7qL4wZ8v,4,1,cluster_0/tuple_29:cc_python_29_19:cc_python_19_13:cc_python_13,cc_python_29 + cc_python_19 + cc_python_13,cluster_0,mi_vs_tokens,mi,tokens
UEA206A7F5,https://zzigak.github.io/refactor_study/?id=UEA206A7F5,https://zzigak.github.io/refactor_study/?id=UEA206A7F5&debugKey=xR9mK2nP7qL4wZ8v,5,41,cluster_9/tuple_17:cc_python_17_16:cc_python_16_19:cc_python_19,cc_python_17 + cc_python_16 + cc_python_19,cluster_9,mi_vs_tokens,mi,tokens
UEA206A7F5,https://zzigak.github.io/refactor_study/?id=UEA206A7F5,https://zzigak.github.io/refactor_study/?id=UEA206A7F5&debugKey=xR9mK2nP7qL4wZ8v,6,38,cluster_8/tuple_28:cc_python_28_3:cc_python_3_29:cc_python_29,cc_python_28 + cc_python_3 + cc_python_29,cluster_8,mi_vs_logprob,mi,logprob
UEA206A7F5,https://zzigak.github.io/refactor_study/?id=UEA206A7F5,https://zzigak.github.io/refactor_study/?id=UEA206A7F5&debugKey=xR9mK2nP7qL4wZ8v,7,39,cluster_8/tuple_28:cc_python_28_3:cc_python_3_29:cc_python_29,cc_python_28 + cc_python_3 + cc_python_29,cluster_8,mi_vs_tokens,mi,tokens
UEA206A7F5,https://zzigak.github.io/refactor_study/?id=UEA206A7F5,https://zzigak.github.io/refactor_study/?id=UEA206A7F5&debugKey=xR9mK2nP7qL4wZ8v,8,12,cluster_3/tuple_7:cc_python_7_29:cc_python_29_0:cc_python_0,cc_python_7 + cc_python_29 + cc_python_0,cluster_3,mi_vs_logprob,mi,logprob
UEA206A7F5,https://zzigak.github.io/refactor_study/?id=UEA206A7F5,https://zzigak.github.io/refactor_study/?id=UEA206A7F5&debugKey=xR9mK2nP7qL4wZ8v,9,26,cluster_5/tuple_5:cc_python_5_29:cc_python_29_7:cc_python_7,cc_python_5 + cc_python_29 + cc_python_7,cluster_5,logprob_vs_tokens,logprob,tokens
UEA206A7F5,https://zzigak.github.io/refactor_study/?id=UEA206A7F5,https://zzigak.github.io/refactor_study/?id=UEA206A7F5&debugKey=xR9mK2nP7qL4wZ8v,10,30,cluster_6/tuple_19:cc_python_19_14:cc_python_14_7:cc_python_7,cc_python_19 + cc_python_14 + cc_python_7,cluster_6,mi_vs_logprob,mi,logprob
UF6688629E,https://zzigak.github.io/refactor_study/?id=UF6688629E,https://zzigak.github.io/refactor_study/?id=UF6688629E&debugKey=xR9mK2nP7qL4wZ8v,1,10,cluster_3/tuple_6:cc_python_6_21:cc_python_21_9:cc_python_9,cc_python_6 + cc_python_21 + cc_python_9,cluster_3,mi_vs_tokens,mi,tokens
UF6688629E,https://zzigak.github.io/refactor_study/?id=UF6688629E,https://zzigak.github.io/refactor_study/?id=UF6688629E&debugKey=xR9mK2nP7qL4wZ8v,2,14,cluster_3/tuple_7:cc_python_7_29:cc_python_29_0:cc_python_0,cc_python_7 + cc_python_29 + cc_python_0,cluster_3,logprob_vs_tokens,logprob,tokens
UF6688629E,https://zzigak.github.io/refactor_study/?id=UF6688629E,https://zzigak.github.io/refactor_study/?id=UF6688629E&debugKey=xR9mK2nP7qL4wZ8v,3,26,cluster_5/tuple_5:cc_python_5_29:cc_python_29_7:cc_python_7,cc_python_5 + cc_python_29 + cc_python_7,cluster_5,logprob_vs_tokens,logprob,tokens
UF6688629E,https://zzigak.github.io/refactor_study/?id=UF6688629E,https://zzigak.github.io/refactor_study/?id=UF6688629E&debugKey=xR9mK2nP7qL4wZ8v,4,35,cluster_7/tuple_16:cc_python_16_25:cc_python_25_19:cc_python_19,cc_python_16 + cc_python_25 + cc_python_19,cluster_7,mi_vs_tokens,mi,tokens
UF6688629E,https://zzigak.github.io/refactor_study/?id=UF6688629E,https://zzigak.github.io/refactor_study/?id=UF6688629E&debugKey=xR9mK2nP7qL4wZ8v,5,28,cluster_6/tuple_12:cc_python_12_2:cc_python_2_11:cc_python_11,cc_python_12 + cc_python_2 + cc_python_11,cluster_6,mi_vs_tokens,mi,tokens
UF6688629E,https://zzigak.github.io/refactor_study/?id=UF6688629E,https://zzigak.github.io/refactor_study/?id=UF6688629E&debugKey=xR9mK2nP7qL4wZ8v,6,3,cluster_1/tuple_2:cc_python_2_27:cc_python_27_5:cc_python_5,cc_python_2 + cc_python_27 + cc_python_5,cluster_1,mi_vs_logprob,mi,logprob
UF6688629E,https://zzigak.github.io/refactor_study/?id=UF6688629E,https://zzigak.github.io/refactor_study/?id=UF6688629E&debugKey=xR9mK2nP7qL4wZ8v,7,21,cluster_5/tuple_28:cc_python_28_1:cc_python_1_19:cc_python_19,cc_python_28 + cc_python_1 + cc_python_19,cluster_5,mi_vs_logprob,mi,logprob
UF6688629E,https://zzigak.github.io/refactor_study/?id=UF6688629E,https://zzigak.github.io/refactor_study/?id=UF6688629E&debugKey=xR9mK2nP7qL4wZ8v,8,24,cluster_5/tuple_5:cc_python_5_29:cc_python_29_7:cc_python_7,cc_python_5 + cc_python_29 + cc_python_7,cluster_5,mi_vs_logprob,mi,logprob
UF6688629E,https://zzigak.github.io/refactor_study/?id=UF6688629E,https://zzigak.github.io/refactor_study/?id=UF6688629E&debugKey=xR9mK2nP7qL4wZ8v,9,17,cluster_4/tuple_28:cc_python_28_4:cc_python_4_11:cc_python_11_good,cc_python_28 + cc_python_4 + cc_python_11,cluster_4,logprob_vs_tokens,logprob,tokens
UF6688629E,https://zzigak.github.io/refactor_study/?id=UF6688629E,https://zzigak.github.io/refactor_study/?id=UF6688629E&debugKey=xR9mK2nP7qL4wZ8v,10,8,cluster_3/tuple_16:cc_python_16_19:cc_python_19_23:cc_python_23,cc_python_16 + cc_python_19 + cc_python_23,cluster_3,logprob_vs_tokens,logprob,tokens
UF6E8FBE2F,https://zzigak.github.io/refactor_study/?id=UF6E8FBE2F,https://zzigak.github.io/refactor_study/?id=UF6E8FBE2F&debugKey=xR9mK2nP7qL4wZ8v,1,36,cluster_8/tuple_24:cc_python_24_15:cc_python_15_10:cc_python_10,cc_python_24 + cc_python_15 + cc_python_10,cluster_8,mi_vs_logprob,mi,logprob
UF6E8FBE2F,https://zzigak.github.io/refactor_study/?id=UF6E8FBE2F,https://zzigak.github.io/refactor_study/?id=UF6E8FBE2F&debugKey=xR9mK2nP7qL4wZ8v,2,6,cluster_2/tuple_5:cc_python_5_26:cc_python_26_22:cc_python_22,cc_python_5 + cc_python_26 + cc_python_22,cluster_2,logprob_vs_tokens,logprob,tokens
UF6E8FBE2F,https://zzigak.github.io/refactor_study/?id=UF6E8FBE2F,https://zzigak.github.io/refactor_study/?id=UF6E8FBE2F&debugKey=xR9mK2nP7qL4wZ8v,3,19,cluster_4/tuple_8:cc_python_8_9:cc_python_9_3:cc_python_3,cc_python_8 + cc_python_9 + cc_python_3,cluster_4,mi_vs_tokens,mi,tokens
UF6E8FBE2F,https://zzigak.github.io/refactor_study/?id=UF6E8FBE2F,https://zzigak.github.io/refactor_study/?id=UF6E8FBE2F&debugKey=xR9mK2nP7qL4wZ8v,4,7,cluster_3/tuple_16:cc_python_16_19:cc_python_19_23:cc_python_23,cc_python_16 + cc_python_19 + cc_python_23,cluster_3,mi_vs_logprob,mi,logprob
UF6E8FBE2F,https://zzigak.github.io/refactor_study/?id=UF6E8FBE2F,https://zzigak.github.io/refactor_study/?id=UF6E8FBE2F&debugKey=xR9mK2nP7qL4wZ8v,5,35,cluster_7/tuple_16:cc_python_16_25:cc_python_25_19:cc_python_19,cc_python_16 + cc_python_25 + cc_python_19,cluster_7,mi_vs_tokens,mi,tokens
UF6E8FBE2F,https://zzigak.github.io/refactor_study/?id=UF6E8FBE2F,https://zzigak.github.io/refactor_study/?id=UF6E8FBE2F&debugKey=xR9mK2nP7qL4wZ8v,6,40,cluster_8/tuple_28:cc_python_28_3:cc_python_3_29:cc_python_29,cc_python_28 + cc_python_3 + cc_python_29,cluster_8,logprob_vs_tokens,logprob,tokens
UF6E8FBE2F,https://zzigak.github.io/refactor_study/?id=UF6E8FBE2F,https://zzigak.github.io/refactor_study/?id=UF6E8FBE2F&debugKey=xR9mK2nP7qL4wZ8v,7,16,cluster_4/tuple_28:cc_python_28_4:cc_python_4_11:cc_python_11_good,cc_python_28 + cc_python_4 + cc_python_11,cluster_4,mi_vs_tokens,mi,tokens
UF6E8FBE2F,https://zzigak.github.io/refactor_study/?id=UF6E8FBE2F,https://zzigak.github.io/refactor_study/?id=UF6E8FBE2F&debugKey=xR9mK2nP7qL4wZ8v,8,32,cluster_7/tuple_11:cc_python_11_10:cc_python_10_27:cc_python_27,cc_python_11 + cc_python_10 + cc_python_27,cluster_7,mi_vs_logprob,mi,logprob
UF6E8FBE2F,https://zzigak.github.io/refactor_study/?id=UF6E8FBE2F,https://zzigak.github.io/refactor_study/?id=UF6E8FBE2F&debugKey=xR9mK2nP7qL4wZ8v,9,13,cluster_3/tuple_7:cc_python_7_29:cc_python_29_0:cc_python_0,cc_python_7 + cc_python_29 + cc_python_0,cluster_3,mi_vs_tokens,mi,tokens
UF6E8FBE2F,https://zzigak.github.io/refactor_study/?id=UF6E8FBE2F,https://zzigak.github.io/refactor_study/?id=UF6E8FBE2F&debugKey=xR9mK2nP7qL4wZ8v,10,20,cluster_4/tuple_8:cc_python_8_9:cc_python_9_3:cc_python_3,cc_python_8 + cc_python_9 + cc_python_3,cluster_4,logprob_vs_tokens,logprob,tokens
UFCEFBDDE1,https://zzigak.github.io/refactor_study/?id=UFCEFBDDE1,https://zzigak.github.io/refactor_study/?id=UFCEFBDDE1&debugKey=xR9mK2nP7qL4wZ8v,1,14,cluster_3/tuple_7:cc_python_7_29:cc_python_29_0:cc_python_0,cc_python_7 + cc_python_29 + cc_python_0,cluster_3,logprob_vs_tokens,logprob,tokens
UFCEFBDDE1,https://zzigak.github.io/refactor_study/?id=UFCEFBDDE1,https://zzigak.github.io/refactor_study/?id=UFCEFBDDE1&debugKey=xR9mK2nP7qL4wZ8v,2,11,cluster_3/tuple_6:cc_python_6_21:cc_python_21_9:cc_python_9,cc_python_6 + cc_python_21 + cc_python_9,cluster_3,logprob_vs_tokens,logprob,tokens
UFCEFBDDE1,https://zzigak.github.io/refactor_study/?id=UFCEFBDDE1,https://zzigak.github.io/refactor_study/?id=UFCEFBDDE1&debugKey=xR9mK2nP7qL4wZ8v,3,32,cluster_7/tuple_11:cc_python_11_10:cc_python_10_27:cc_python_27,cc_python_11 + cc_python_10 + cc_python_27,cluster_7,mi_vs_logprob,mi,logprob
UFCEFBDDE1,https://zzigak.github.io/refactor_study/?id=UFCEFBDDE1,https://zzigak.github.io/refactor_study/?id=UFCEFBDDE1&debugKey=xR9mK2nP7qL4wZ8v,4,28,cluster_6/tuple_12:cc_python_12_2:cc_python_2_11:cc_python_11,cc_python_12 + cc_python_2 + cc_python_11,cluster_6,mi_vs_tokens,mi,tokens
UFCEFBDDE1,https://zzigak.github.io/refactor_study/?id=UFCEFBDDE1,https://zzigak.github.io/refactor_study/?id=UFCEFBDDE1&debugKey=xR9mK2nP7qL4wZ8v,5,18,cluster_4/tuple_8:cc_python_8_9:cc_python_9_3:cc_python_3,cc_python_8 + cc_python_9 + cc_python_3,cluster_4,mi_vs_logprob,mi,logprob
UFCEFBDDE1,https://zzigak.github.io/refactor_study/?id=UFCEFBDDE1,https://zzigak.github.io/refactor_study/?id=UFCEFBDDE1&debugKey=xR9mK2nP7qL4wZ8v,6,26,cluster_5/tuple_5:cc_python_5_29:cc_python_29_7:cc_python_7,cc_python_5 + cc_python_29 + cc_python_7,cluster_5,logprob_vs_tokens,logprob,tokens
UFCEFBDDE1,https://zzigak.github.io/refactor_study/?id=UFCEFBDDE1,https://zzigak.github.io/refactor_study/?id=UFCEFBDDE1&debugKey=xR9mK2nP7qL4wZ8v,7,13,cluster_3/tuple_7:cc_python_7_29:cc_python_29_0:cc_python_0,cc_python_7 + cc_python_29 + cc_python_0,cluster_3,mi_vs_tokens,mi,tokens
UFCEFBDDE1,https://zzigak.github.io/refactor_study/?id=UFCEFBDDE1,https://zzigak.github.io/refactor_study/?id=UFCEFBDDE1&debugKey=xR9mK2nP7qL4wZ8v,8,9,cluster_3/tuple_6:cc_python_6_21:cc_python_21_9:cc_python_9,cc_python_6 + cc_python_21 + cc_python_9,cluster_3,mi_vs_logprob,mi,logprob
UFCEFBDDE1,https://zzigak.github.io/refactor_study/?id=UFCEFBDDE1,https://zzigak.github.io/refactor_study/?id=UFCEFBDDE1&debugKey=xR9mK2nP7qL4wZ8v,9,37,cluster_8/tuple_24:cc_python_24_15:cc_python_15_10:cc_python_10,cc_python_24 + cc_python_15 + cc_python_10,cluster_8,logprob_vs_tokens,logprob,tokens
UFCEFBDDE1,https://zzigak.github.io/refactor_study/?id=UFCEFBDDE1,https://zzigak.github.io/refactor_study/?id=UFCEFBDDE1&debugKey=xR9mK2nP7qL4wZ8v,10,22,cluster_5/tuple_28:cc_python_28_1:cc_python_1_19:cc_python_19,cc_python_28 + cc_python_1 + cc_python_19,cluster_5,mi_vs_tokens,mi,tokens
UFE7CDFAE5,https://zzigak.github.io/refactor_study/?id=UFE7CDFAE5,https://zzigak.github.io/refactor_study/?id=UFE7CDFAE5&debugKey=xR9mK2nP7qL4wZ8v,1,4,cluster_1/tuple_2:cc_python_2_27:cc_python_27_5:cc_python_5,cc_python_2 + cc_python_27 + cc_python_5,cluster_1,mi_vs_tokens,mi,tokens
UFE7CDFAE5,https://zzigak.github.io/refactor_study/?id=UFE7CDFAE5,https://zzigak.github.io/refactor_study/?id=UFE7CDFAE5&debugKey=xR9mK2nP7qL4wZ8v,2,27,cluster_6/tuple_12:cc_python_12_2:cc_python_2_11:cc_python_11,cc_python_12 + cc_python_2 + cc_python_11,cluster_6,mi_vs_logprob,mi,logprob
UFE7CDFAE5,https://zzigak.github.io/refactor_study/?id=UFE7CDFAE5,https://zzigak.github.io/refactor_study/?id=UFE7CDFAE5&debugKey=xR9mK2nP7qL4wZ8v,3,41,cluster_9/tuple_17:cc_python_17_16:cc_python_16_19:cc_python_19,cc_python_17 + cc_python_16 + cc_python_19,cluster_9,mi_vs_tokens,mi,tokens
UFE7CDFAE5,https://zzigak.github.io/refactor_study/?id=UFE7CDFAE5,https://zzigak.github.io/refactor_study/?id=UFE7CDFAE5&debugKey=xR9mK2nP7qL4wZ8v,4,26,cluster_5/tuple_5:cc_python_5_29:cc_python_29_7:cc_python_7,cc_python_5 + cc_python_29 + cc_python_7,cluster_5,logprob_vs_tokens,logprob,tokens
UFE7CDFAE5,https://zzigak.github.io/refactor_study/?id=UFE7CDFAE5,https://zzigak.github.io/refactor_study/?id=UFE7CDFAE5&debugKey=xR9mK2nP7qL4wZ8v,5,25,cluster_5/tuple_5:cc_python_5_29:cc_python_29_7:cc_python_7,cc_python_5 + cc_python_29 + cc_python_7,cluster_5,mi_vs_tokens,mi,tokens
UFE7CDFAE5,https://zzigak.github.io/refactor_study/?id=UFE7CDFAE5,https://zzigak.github.io/refactor_study/?id=UFE7CDFAE5&debugKey=xR9mK2nP7qL4wZ8v,6,5,cluster_2/tuple_5:cc_python_5_26:cc_python_26_22:cc_python_22,cc_python_5 + cc_python_26 + cc_python_22,cluster_2,mi_vs_tokens,mi,tokens
UFE7CDFAE5,https://zzigak.github.io/refactor_study/?id=UFE7CDFAE5,https://zzigak.github.io/refactor_study/?id=UFE7CDFAE5&debugKey=xR9mK2nP7qL4wZ8v,7,9,cluster_3/tuple_6:cc_python_6_21:cc_python_21_9:cc_python_9,cc_python_6 + cc_python_21 + cc_python_9,cluster_3,mi_vs_logprob,mi,logprob
UFE7CDFAE5,https://zzigak.github.io/refactor_study/?id=UFE7CDFAE5,https://zzigak.github.io/refactor_study/?id=UFE7CDFAE5&debugKey=xR9mK2nP7qL4wZ8v,8,40,cluster_8/tuple_28:cc_python_28_3:cc_python_3_29:cc_python_29,cc_python_28 + cc_python_3 + cc_python_29,cluster_8,logprob_vs_tokens,logprob,tokens
UFE7CDFAE5,https://zzigak.github.io/refactor_study/?id=UFE7CDFAE5,https://zzigak.github.io/refactor_study/?id=UFE7CDFAE5&debugKey=xR9mK2nP7qL4wZ8v,9,10,cluster_3/tuple_6:cc_python_6_21:cc_python_21_9:cc_python_9,cc_python_6 + cc_python_21 + cc_python_9,cluster_3,mi_vs_tokens,mi,tokens
UFE7CDFAE5,https://zzigak.github.io/refactor_study/?id=UFE7CDFAE5,https://zzigak.github.io/refactor_study/?id=UFE7CDFAE5&debugKey=xR9mK2nP7qL4wZ8v,10,39,cluster_8/tuple_28:cc_python_28_3:cc_python_3_29:cc_python_29,cc_python_28 + cc_python_3 + cc_python_29,cluster_8,mi_vs_tokens,mi,tokens
