User ID,Position,Tuple Index,Tuple Name,Pair Type,Swapped,V1 Shows,V2 Shows,Original V1,Original V2
UE064AED19,1,4,cluster_1/tuple_2:cc_python_2_27:cc_python_27_5:cc_python_5,mi_vs_tokens,Yes,tokens,mi,mi,tokens
UE064AED19,2,8,cluster_3/tuple_16:cc_python_16_19:cc_python_19_23:cc_python_23,logprob_vs_tokens,Yes,tokens,logprob,logprob,tokens
UE064AED19,3,41,cluster_9/tuple_17:cc_python_17_16:cc_python_16_19:cc_python_19,mi_vs_tokens,No,mi,tokens,mi,tokens
UE064AED19,4,1,cluster_0/tuple_29:cc_python_29_19:cc_python_19_13:cc_python_13,mi_vs_tokens,Yes,tokens,mi,mi,tokens
UE064AED19,5,18,cluster_4/tuple_8:cc_python_8_9:cc_python_9_3:cc_python_3,mi_vs_logprob,Yes,logprob,mi,mi,logprob
UE064AED19,6,43,cluster_9/tuple_8:cc_python_8_10:cc_python_10_20:cc_python_20,mi_vs_logprob,Yes,logprob,mi,mi,logprob
UE064AED19,7,13,cluster_3/tuple_7:cc_python_7_29:cc_python_29_0:cc_python_0,mi_vs_tokens,Yes,tokens,mi,mi,tokens
UE064AED19,8,22,cluster_5/tuple_28:cc_python_28_1:cc_python_1_19:cc_python_19,mi_vs_tokens,Yes,tokens,mi,mi,tokens
UE064AED19,9,30,cluster_6/tuple_19:cc_python_19_14:cc_python_14_7:cc_python_7,mi_vs_logprob,No,mi,logprob,mi,logprob
UE064AED19,10,40,cluster_8/tuple_28:cc_python_28_3:cc_python_3_29:cc_python_29,logprob_vs_tokens,Yes,tokens,logprob,logprob,tokens
U73F722CDB,1,5,cluster_2/tuple_5:cc_python_5_26:cc_python_26_22:cc_python_22,mi_vs_tokens,Yes,tokens,mi,mi,tokens
U73F722CDB,2,34,cluster_7/tuple_16:cc_python_16_25:cc_python_25_19:cc_python_19,mi_vs_logprob,Yes,logprob,mi,mi,logprob
U73F722CDB,3,41,cluster_9/tuple_17:cc_python_17_16:cc_python_16_19:cc_python_19,mi_vs_tokens,Yes,tokens,mi,mi,tokens
U73F722CDB,4,7,cluster_3/tuple_16:cc_python_16_19:cc_python_19_23:cc_python_23,mi_vs_logprob,Yes,logprob,mi,mi,logprob
U73F722CDB,5,33,cluster_7/tuple_11:cc_python_11_10:cc_python_10_27:cc_python_27,mi_vs_tokens,Yes,tokens,mi,mi,tokens
U73F722CDB,6,22,cluster_5/tuple_28:cc_python_28_1:cc_python_1_19:cc_python_19,mi_vs_tokens,Yes,tokens,mi,mi,tokens
U73F722CDB,7,29,cluster_6/tuple_12:cc_python_12_2:cc_python_2_11:cc_python_11,logprob_vs_tokens,No,logprob,tokens,logprob,tokens
U73F722CDB,8,37,cluster_8/tuple_24:cc_python_24_15:cc_python_15_10:cc_python_10,logprob_vs_tokens,Yes,tokens,logprob,logprob,tokens
U73F722CDB,9,26,cluster_5/tuple_5:cc_python_5_29:cc_python_29_7:cc_python_7,logprob_vs_tokens,No,logprob,tokens,logprob,tokens
U73F722CDB,10,15,cluster_4/tuple_28:cc_python_28_4:cc_python_4_11:cc_python_11_good,mi_vs_logprob,No,mi,logprob,mi,logprob
UD89C37EFF,1,20,cluster_4/tuple_8:cc_python_8_9:cc_python_9_3:cc_python_3,logprob_vs_tokens,Yes,tokens,logprob,logprob,tokens
UD89C37EFF,2,10,cluster_3/tuple_6:cc_python_6_21:cc_python_21_9:cc_python_9,mi_vs_tokens,Yes,tokens,mi,mi,tokens
UD89C37EFF,3,25,cluster_5/tuple_5:cc_python_5_29:cc_python_29_7:cc_python_7,mi_vs_tokens,No,mi,tokens,mi,tokens
UD89C37EFF,4,37,cluster_8/tuple_24:cc_python_24_15:cc_python_15_10:cc_python_10,logprob_vs_tokens,No,logprob,tokens,logprob,tokens
UD89C37EFF,5,12,cluster_3/tuple_7:cc_python_7_29:cc_python_29_0:cc_python_0,mi_vs_logprob,No,mi,logprob,mi,logprob
UD89C37EFF,6,23,cluster_5/tuple_28:cc_python_28_1:cc_python_1_19:cc_python_19,logprob_vs_tokens,Yes,tokens,logprob,logprob,tokens
UD89C37EFF,7,40,cluster_8/tuple_28:cc_python_28_3:cc_python_3_29:cc_python_29,logprob_vs_tokens,Yes,tokens,logprob,logprob,tokens
UD89C37EFF,8,4,cluster_1/tuple_2:cc_python_2_27:cc_python_27_5:cc_python_5,mi_vs_tokens,No,mi,tokens,mi,tokens
UD89C37EFF,9,15,cluster_4/tuple_28:cc_python_28_4:cc_python_4_11:cc_python_11_good,mi_vs_logprob,Yes,logprob,mi,mi,logprob
UD89C37EFF,10,42,cluster_9/tuple_17:cc_python_17_16:cc_python_16_19:cc_python_19,logprob_vs_tokens,Yes,tokens,logprob,logprob,tokens
U4ED6E8EA5,1,31,cluster_6/tuple_19:cc_python_19_14:cc_python_14_7:cc_python_7,mi_vs_tokens,No,mi,tokens,mi,tokens
U4ED6E8EA5,2,19,cluster_4/tuple_8:cc_python_8_9:cc_python_9_3:cc_python_3,mi_vs_tokens,Yes,tokens,mi,mi,tokens
U4ED6E8EA5,3,37,cluster_8/tuple_24:cc_python_24_15:cc_python_15_10:cc_python_10,logprob_vs_tokens,No,logprob,tokens,logprob,tokens
U4ED6E8EA5,4,33,cluster_7/tuple_11:cc_python_11_10:cc_python_10_27:cc_python_27,mi_vs_tokens,No,mi,tokens,mi,tokens
U4ED6E8EA5,5,4,cluster_1/tuple_2:cc_python_2_27:cc_python_27_5:cc_python_5,mi_vs_tokens,No,mi,tokens,mi,tokens
U4ED6E8EA5,6,29,cluster_6/tuple_12:cc_python_12_2:cc_python_2_11:cc_python_11,logprob_vs_tokens,Yes,tokens,logprob,logprob,tokens
U4ED6E8EA5,7,11,cluster_3/tuple_6:cc_python_6_21:cc_python_21_9:cc_python_9,logprob_vs_tokens,No,logprob,tokens,logprob,tokens
U4ED6E8EA5,8,15,cluster_4/tuple_28:cc_python_28_4:cc_python_4_11:cc_python_11_good,mi_vs_logprob,Yes,logprob,mi,mi,logprob
U4ED6E8EA5,9,38,cluster_8/tuple_28:cc_python_28_3:cc_python_3_29:cc_python_29,mi_vs_logprob,No,mi,logprob,mi,logprob
U4ED6E8EA5,10,7,cluster_3/tuple_16:cc_python_16_19:cc_python_19_23:cc_python_23,mi_vs_logprob,Yes,logprob,mi,mi,logprob
UD8DA5CEE2,1,23,cluster_5/tuple_28:cc_python_28_1:cc_python_1_19:cc_python_19,logprob_vs_tokens,No,logprob,tokens,logprob,tokens
UD8DA5CEE2,2,7,cluster_3/tuple_16:cc_python_16_19:cc_python_19_23:cc_python_23,mi_vs_logprob,No,mi,logprob,mi,logprob
UD8DA5CEE2,3,34,cluster_7/tuple_16:cc_python_16_25:cc_python_25_19:cc_python_19,mi_vs_logprob,Yes,logprob,mi,mi,logprob
UD8DA5CEE2,4,27,cluster_6/tuple_12:cc_python_12_2:cc_python_2_11:cc_python_11,mi_vs_logprob,Yes,logprob,mi,mi,logprob
UD8DA5CEE2,5,18,cluster_4/tuple_8:cc_python_8_9:cc_python_9_3:cc_python_3,mi_vs_logprob,Yes,logprob,mi,mi,logprob
UD8DA5CEE2,6,40,cluster_8/tuple_28:cc_python_28_3:cc_python_3_29:cc_python_29,logprob_vs_tokens,Yes,tokens,logprob,logprob,tokens
UD8DA5CEE2,7,5,cluster_2/tuple_5:cc_python_5_26:cc_python_26_22:cc_python_22,mi_vs_tokens,No,mi,tokens,mi,tokens
UD8DA5CEE2,8,17,cluster_4/tuple_28:cc_python_28_4:cc_python_4_11:cc_python_11_good,logprob_vs_tokens,Yes,tokens,logprob,logprob,tokens
UD8DA5CEE2,9,24,cluster_5/tuple_5:cc_python_5_29:cc_python_29_7:cc_python_7,mi_vs_logprob,Yes,logprob,mi,mi,logprob
UD8DA5CEE2,10,0,cluster_0/tuple_29:cc_python_29_19:cc_python_19_13:cc_python_13,mi_vs_logprob,Yes,logprob,mi,mi,logprob
UABBB070ED,1,9,cluster_3/tuple_6:cc_python_6_21:cc_python_21_9:cc_python_9,mi_vs_logprob,No,mi,logprob,mi,logprob
UABBB070ED,2,39,cluster_8/tuple_28:cc_python_28_3:cc_python_3_29:cc_python_29,mi_vs_tokens,No,mi,tokens,mi,tokens
UABBB070ED,3,19,cluster_4/tuple_8:cc_python_8_9:cc_python_9_3:cc_python_3,mi_vs_tokens,No,mi,tokens,mi,tokens
UABBB070ED,4,23,cluster_5/tuple_28:cc_python_28_1:cc_python_1_19:cc_python_19,logprob_vs_tokens,No,logprob,tokens,logprob,tokens
UABBB070ED,5,2,cluster_0/tuple_29:cc_python_29_19:cc_python_19_13:cc_python_13,logprob_vs_tokens,Yes,tokens,logprob,logprob,tokens
UABBB070ED,6,15,cluster_4/tuple_28:cc_python_28_4:cc_python_4_11:cc_python_11_good,mi_vs_logprob,No,mi,logprob,mi,logprob
UABBB070ED,7,7,cluster_3/tuple_16:cc_python_16_19:cc_python_19_23:cc_python_23,mi_vs_logprob,No,mi,logprob,mi,logprob
UABBB070ED,8,31,cluster_6/tuple_19:cc_python_19_14:cc_python_14_7:cc_python_7,mi_vs_tokens,Yes,tokens,mi,mi,tokens
UABBB070ED,9,41,cluster_9/tuple_17:cc_python_17_16:cc_python_16_19:cc_python_19,mi_vs_tokens,No,mi,tokens,mi,tokens
UABBB070ED,10,3,cluster_1/tuple_2:cc_python_2_27:cc_python_27_5:cc_python_5,mi_vs_logprob,Yes,logprob,mi,mi,logprob
UF8E8D9510,1,33,cluster_7/tuple_11:cc_python_11_10:cc_python_10_27:cc_python_27,mi_vs_tokens,Yes,tokens,mi,mi,tokens
UF8E8D9510,2,31,cluster_6/tuple_19:cc_python_19_14:cc_python_14_7:cc_python_7,mi_vs_tokens,Yes,tokens,mi,mi,tokens
UF8E8D9510,3,17,cluster_4/tuple_28:cc_python_28_4:cc_python_4_11:cc_python_11_good,logprob_vs_tokens,Yes,tokens,logprob,logprob,tokens
UF8E8D9510,4,42,cluster_9/tuple_17:cc_python_17_16:cc_python_16_19:cc_python_19,logprob_vs_tokens,No,logprob,tokens,logprob,tokens
UF8E8D9510,5,20,cluster_4/tuple_8:cc_python_8_9:cc_python_9_3:cc_python_3,logprob_vs_tokens,No,logprob,tokens,logprob,tokens
UF8E8D9510,6,0,cluster_0/tuple_29:cc_python_29_19:cc_python_19_13:cc_python_13,mi_vs_logprob,No,mi,logprob,mi,logprob
UF8E8D9510,7,4,cluster_1/tuple_2:cc_python_2_27:cc_python_27_5:cc_python_5,mi_vs_tokens,Yes,tokens,mi,mi,tokens
UF8E8D9510,8,7,cluster_3/tuple_16:cc_python_16_19:cc_python_19_23:cc_python_23,mi_vs_logprob,No,mi,logprob,mi,logprob
UF8E8D9510,9,35,cluster_7/tuple_16:cc_python_16_25:cc_python_25_19:cc_python_19,mi_vs_tokens,Yes,tokens,mi,mi,tokens
UF8E8D9510,10,14,cluster_3/tuple_7:cc_python_7_29:cc_python_29_0:cc_python_0,logprob_vs_tokens,Yes,tokens,logprob,logprob,tokens
U42ECABB42,1,33,cluster_7/tuple_11:cc_python_11_10:cc_python_10_27:cc_python_27,mi_vs_tokens,Yes,tokens,mi,mi,tokens
U42ECABB42,2,34,cluster_7/tuple_16:cc_python_16_25:cc_python_25_19:cc_python_19,mi_vs_logprob,No,mi,logprob,mi,logprob
U42ECABB42,3,31,cluster_6/tuple_19:cc_python_19_14:cc_python_14_7:cc_python_7,mi_vs_tokens,No,mi,tokens,mi,tokens
U42ECABB42,4,39,cluster_8/tuple_28:cc_python_28_3:cc_python_3_29:cc_python_29,mi_vs_tokens,No,mi,tokens,mi,tokens
U42ECABB42,5,22,cluster_5/tuple_28:cc_python_28_1:cc_python_1_19:cc_python_19,mi_vs_tokens,Yes,tokens,mi,mi,tokens
U42ECABB42,6,5,cluster_2/tuple_5:cc_python_5_26:cc_python_26_22:cc_python_22,mi_vs_tokens,Yes,tokens,mi,mi,tokens
U42ECABB42,7,37,cluster_8/tuple_24:cc_python_24_15:cc_python_15_10:cc_python_10,logprob_vs_tokens,No,logprob,tokens,logprob,tokens
U42ECABB42,8,3,cluster_1/tuple_2:cc_python_2_27:cc_python_27_5:cc_python_5,mi_vs_logprob,Yes,logprob,mi,mi,logprob
U42ECABB42,9,26,cluster_5/tuple_5:cc_python_5_29:cc_python_29_7:cc_python_7,logprob_vs_tokens,No,logprob,tokens,logprob,tokens
U42ECABB42,10,27,cluster_6/tuple_12:cc_python_12_2:cc_python_2_11:cc_python_11,mi_vs_logprob,No,mi,logprob,mi,logprob
U34AD1BC2E,1,29,cluster_6/tuple_12:cc_python_12_2:cc_python_2_11:cc_python_11,logprob_vs_tokens,No,logprob,tokens,logprob,tokens
U34AD1BC2E,2,15,cluster_4/tuple_28:cc_python_28_4:cc_python_4_11:cc_python_11_good,mi_vs_logprob,Yes,logprob,mi,mi,logprob
U34AD1BC2E,3,0,cluster_0/tuple_29:cc_python_29_19:cc_python_19_13:cc_python_13,mi_vs_logprob,No,mi,logprob,mi,logprob
U34AD1BC2E,4,39,cluster_8/tuple_28:cc_python_28_3:cc_python_3_29:cc_python_29,mi_vs_tokens,Yes,tokens,mi,mi,tokens
U34AD1BC2E,5,11,cluster_3/tuple_6:cc_python_6_21:cc_python_21_9:cc_python_9,logprob_vs_tokens,Yes,tokens,logprob,logprob,tokens
U34AD1BC2E,6,20,cluster_4/tuple_8:cc_python_8_9:cc_python_9_3:cc_python_3,logprob_vs_tokens,No,logprob,tokens,logprob,tokens
U34AD1BC2E,7,32,cluster_7/tuple_11:cc_python_11_10:cc_python_10_27:cc_python_27,mi_vs_logprob,No,mi,logprob,mi,logprob
U34AD1BC2E,8,26,cluster_5/tuple_5:cc_python_5_29:cc_python_29_7:cc_python_7,logprob_vs_tokens,No,logprob,tokens,logprob,tokens
U34AD1BC2E,9,8,cluster_3/tuple_16:cc_python_16_19:cc_python_19_23:cc_python_23,logprob_vs_tokens,No,logprob,tokens,logprob,tokens
U34AD1BC2E,10,34,cluster_7/tuple_16:cc_python_16_25:cc_python_25_19:cc_python_19,mi_vs_logprob,Yes,logprob,mi,mi,logprob
UFABEA441A,1,44,cluster_9/tuple_8:cc_python_8_10:cc_python_10_20:cc_python_20,logprob_vs_tokens,Yes,tokens,logprob,logprob,tokens
UFABEA441A,2,7,cluster_3/tuple_16:cc_python_16_19:cc_python_19_23:cc_python_23,mi_vs_logprob,No,mi,logprob,mi,logprob
UFABEA441A,3,5,cluster_2/tuple_5:cc_python_5_26:cc_python_26_22:cc_python_22,mi_vs_tokens,Yes,tokens,mi,mi,tokens
UFABEA441A,4,39,cluster_8/tuple_28:cc_python_28_3:cc_python_3_29:cc_python_29,mi_vs_tokens,Yes,tokens,mi,mi,tokens
UFABEA441A,5,11,cluster_3/tuple_6:cc_python_6_21:cc_python_21_9:cc_python_9,logprob_vs_tokens,Yes,tokens,logprob,logprob,tokens
UFABEA441A,6,36,cluster_8/tuple_24:cc_python_24_15:cc_python_15_10:cc_python_10,mi_vs_logprob,Yes,logprob,mi,mi,logprob
UFABEA441A,7,41,cluster_9/tuple_17:cc_python_17_16:cc_python_16_19:cc_python_19,mi_vs_tokens,Yes,tokens,mi,mi,tokens
UFABEA441A,8,22,cluster_5/tuple_28:cc_python_28_1:cc_python_1_19:cc_python_19,mi_vs_tokens,No,mi,tokens,mi,tokens
UFABEA441A,9,25,cluster_5/tuple_5:cc_python_5_29:cc_python_29_7:cc_python_7,mi_vs_tokens,Yes,tokens,mi,mi,tokens
UFABEA441A,10,3,cluster_1/tuple_2:cc_python_2_27:cc_python_27_5:cc_python_5,mi_vs_logprob,No,mi,logprob,mi,logprob
U8ECC01EC6,1,11,cluster_3/tuple_6:cc_python_6_21:cc_python_21_9:cc_python_9,logprob_vs_tokens,No,logprob,tokens,logprob,tokens
U8ECC01EC6,2,26,cluster_5/tuple_5:cc_python_5_29:cc_python_29_7:cc_python_7,logprob_vs_tokens,No,logprob,tokens,logprob,tokens
U8ECC01EC6,3,40,cluster_8/tuple_28:cc_python_28_3:cc_python_3_29:cc_python_29,logprob_vs_tokens,No,logprob,tokens,logprob,tokens
U8ECC01EC6,4,4,cluster_1/tuple_2:cc_python_2_27:cc_python_27_5:cc_python_5,mi_vs_tokens,Yes,tokens,mi,mi,tokens
U8ECC01EC6,5,28,cluster_6/tuple_12:cc_python_12_2:cc_python_2_11:cc_python_11,mi_vs_tokens,Yes,tokens,mi,mi,tokens
U8ECC01EC6,6,21,cluster_5/tuple_28:cc_python_28_1:cc_python_1_19:cc_python_19,mi_vs_logprob,No,mi,logprob,mi,logprob
U8ECC01EC6,7,16,cluster_4/tuple_28:cc_python_28_4:cc_python_4_11:cc_python_11_good,mi_vs_tokens,No,mi,tokens,mi,tokens
U8ECC01EC6,8,13,cluster_3/tuple_7:cc_python_7_29:cc_python_29_0:cc_python_0,mi_vs_tokens,Yes,tokens,mi,mi,tokens
U8ECC01EC6,9,18,cluster_4/tuple_8:cc_python_8_9:cc_python_9_3:cc_python_3,mi_vs_logprob,No,mi,logprob,mi,logprob
U8ECC01EC6,10,41,cluster_9/tuple_17:cc_python_17_16:cc_python_16_19:cc_python_19,mi_vs_tokens,No,mi,tokens,mi,tokens
UB271569B6,1,41,cluster_9/tuple_17:cc_python_17_16:cc_python_16_19:cc_python_19,mi_vs_tokens,Yes,tokens,mi,mi,tokens
UB271569B6,2,40,cluster_8/tuple_28:cc_python_28_3:cc_python_3_29:cc_python_29,logprob_vs_tokens,No,logprob,tokens,logprob,tokens
UB271569B6,3,9,cluster_3/tuple_6:cc_python_6_21:cc_python_21_9:cc_python_9,mi_vs_logprob,Yes,logprob,mi,mi,logprob
UB271569B6,4,6,cluster_2/tuple_5:cc_python_5_26:cc_python_26_22:cc_python_22,logprob_vs_tokens,No,logprob,tokens,logprob,tokens
UB271569B6,5,22,cluster_5/tuple_28:cc_python_28_1:cc_python_1_19:cc_python_19,mi_vs_tokens,Yes,tokens,mi,mi,tokens
UB271569B6,6,44,cluster_9/tuple_8:cc_python_8_10:cc_python_10_20:cc_python_20,logprob_vs_tokens,Yes,tokens,logprob,logprob,tokens
UB271569B6,7,7,cluster_3/tuple_16:cc_python_16_19:cc_python_19_23:cc_python_23,mi_vs_logprob,No,mi,logprob,mi,logprob
UB271569B6,8,0,cluster_0/tuple_29:cc_python_29_19:cc_python_19_13:cc_python_13,mi_vs_logprob,Yes,logprob,mi,mi,logprob
UB271569B6,9,16,cluster_4/tuple_28:cc_python_28_4:cc_python_4_11:cc_python_11_good,mi_vs_tokens,Yes,tokens,mi,mi,tokens
UB271569B6,10,33,cluster_7/tuple_11:cc_python_11_10:cc_python_10_27:cc_python_27,mi_vs_tokens,No,mi,tokens,mi,tokens
U4D5ADC296,1,12,cluster_3/tuple_7:cc_python_7_29:cc_python_29_0:cc_python_0,mi_vs_logprob,Yes,logprob,mi,mi,logprob
U4D5ADC296,2,23,cluster_5/tuple_28:cc_python_28_1:cc_python_1_19:cc_python_19,logprob_vs_tokens,Yes,tokens,logprob,logprob,tokens
U4D5ADC296,3,30,cluster_6/tuple_19:cc_python_19_14:cc_python_14_7:cc_python_7,mi_vs_logprob,No,mi,logprob,mi,logprob
U4D5ADC296,4,44,cluster_9/tuple_8:cc_python_8_10:cc_python_10_20:cc_python_20,logprob_vs_tokens,No,logprob,tokens,logprob,tokens
U4D5ADC296,5,9,cluster_3/tuple_6:cc_python_6_21:cc_python_21_9:cc_python_9,mi_vs_logprob,Yes,logprob,mi,mi,logprob
U4D5ADC296,6,35,cluster_7/tuple_16:cc_python_16_25:cc_python_25_19:cc_python_19,mi_vs_tokens,Yes,tokens,mi,mi,tokens
U4D5ADC296,7,39,cluster_8/tuple_28:cc_python_28_3:cc_python_3_29:cc_python_29,mi_vs_tokens,No,mi,tokens,mi,tokens
U4D5ADC296,8,29,cluster_6/tuple_12:cc_python_12_2:cc_python_2_11:cc_python_11,logprob_vs_tokens,No,logprob,tokens,logprob,tokens
U4D5ADC296,9,25,cluster_5/tuple_5:cc_python_5_29:cc_python_29_7:cc_python_7,mi_vs_tokens,Yes,tokens,mi,mi,tokens
U4D5ADC296,10,0,cluster_0/tuple_29:cc_python_29_19:cc_python_19_13:cc_python_13,mi_vs_logprob,Yes,logprob,mi,mi,logprob
U908EF07FE,1,19,cluster_4/tuple_8:cc_python_8_9:cc_python_9_3:cc_python_3,mi_vs_tokens,Yes,tokens,mi,mi,tokens
U908EF07FE,2,10,cluster_3/tuple_6:cc_python_6_21:cc_python_21_9:cc_python_9,mi_vs_tokens,Yes,tokens,mi,mi,tokens
U908EF07FE,3,23,cluster_5/tuple_28:cc_python_28_1:cc_python_1_19:cc_python_19,logprob_vs_tokens,Yes,tokens,logprob,logprob,tokens
U908EF07FE,4,0,cluster_0/tuple_29:cc_python_29_19:cc_python_19_13:cc_python_13,mi_vs_logprob,No,mi,logprob,mi,logprob
U908EF07FE,5,39,cluster_8/tuple_28:cc_python_28_3:cc_python_3_29:cc_python_29,mi_vs_tokens,Yes,tokens,mi,mi,tokens
U908EF07FE,6,26,cluster_5/tuple_5:cc_python_5_29:cc_python_29_7:cc_python_7,logprob_vs_tokens,Yes,tokens,logprob,logprob,tokens
U908EF07FE,7,8,cluster_3/tuple_16:cc_python_16_19:cc_python_19_23:cc_python_23,logprob_vs_tokens,Yes,tokens,logprob,logprob,tokens
U908EF07FE,8,5,cluster_2/tuple_5:cc_python_5_26:cc_python_26_22:cc_python_22,mi_vs_tokens,No,mi,tokens,mi,tokens
U908EF07FE,9,43,cluster_9/tuple_8:cc_python_8_10:cc_python_10_20:cc_python_20,mi_vs_logprob,Yes,logprob,mi,mi,logprob
U908EF07FE,10,30,cluster_6/tuple_19:cc_python_19_14:cc_python_14_7:cc_python_7,mi_vs_logprob,No,mi,logprob,mi,logprob
U80A4E7CD4,1,15,cluster_4/tuple_28:cc_python_28_4:cc_python_4_11:cc_python_11_good,mi_vs_logprob,No,mi,logprob,mi,logprob
U80A4E7CD4,2,21,cluster_5/tuple_28:cc_python_28_1:cc_python_1_19:cc_python_19,mi_vs_logprob,Yes,logprob,mi,mi,logprob
U80A4E7CD4,3,42,cluster_9/tuple_17:cc_python_17_16:cc_python_16_19:cc_python_19,logprob_vs_tokens,Yes,tokens,logprob,logprob,tokens
U80A4E7CD4,4,29,cluster_6/tuple_12:cc_python_12_2:cc_python_2_11:cc_python_11,logprob_vs_tokens,No,logprob,tokens,logprob,tokens
U80A4E7CD4,5,25,cluster_5/tuple_5:cc_python_5_29:cc_python_29_7:cc_python_7,mi_vs_tokens,No,mi,tokens,mi,tokens
U80A4E7CD4,6,37,cluster_8/tuple_24:cc_python_24_15:cc_python_15_10:cc_python_10,logprob_vs_tokens,No,logprob,tokens,logprob,tokens
U80A4E7CD4,7,13,cluster_3/tuple_7:cc_python_7_29:cc_python_29_0:cc_python_0,mi_vs_tokens,No,mi,tokens,mi,tokens
U80A4E7CD4,8,2,cluster_0/tuple_29:cc_python_29_19:cc_python_19_13:cc_python_13,logprob_vs_tokens,No,logprob,tokens,logprob,tokens
U80A4E7CD4,9,30,cluster_6/tuple_19:cc_python_19_14:cc_python_14_7:cc_python_7,mi_vs_logprob,Yes,logprob,mi,mi,logprob
U80A4E7CD4,10,43,cluster_9/tuple_8:cc_python_8_10:cc_python_10_20:cc_python_20,mi_vs_logprob,Yes,logprob,mi,mi,logprob
U0D7B9F2D4,1,2,cluster_0/tuple_29:cc_python_29_19:cc_python_19_13:cc_python_13,logprob_vs_tokens,Yes,tokens,logprob,logprob,tokens
U0D7B9F2D4,2,8,cluster_3/tuple_16:cc_python_16_19:cc_python_19_23:cc_python_23,logprob_vs_tokens,Yes,tokens,logprob,logprob,tokens
U0D7B9F2D4,3,43,cluster_9/tuple_8:cc_python_8_10:cc_python_10_20:cc_python_20,mi_vs_logprob,No,mi,logprob,mi,logprob
U0D7B9F2D4,4,25,cluster_5/tuple_5:cc_python_5_29:cc_python_29_7:cc_python_7,mi_vs_tokens,Yes,tokens,mi,mi,tokens
U0D7B9F2D4,5,18,cluster_4/tuple_8:cc_python_8_9:cc_python_9_3:cc_python_3,mi_vs_logprob,Yes,logprob,mi,mi,logprob
U0D7B9F2D4,6,3,cluster_1/tuple_2:cc_python_2_27:cc_python_27_5:cc_python_5,mi_vs_logprob,Yes,logprob,mi,mi,logprob
U0D7B9F2D4,7,40,cluster_8/tuple_28:cc_python_28_3:cc_python_3_29:cc_python_29,logprob_vs_tokens,Yes,tokens,logprob,logprob,tokens
U0D7B9F2D4,8,31,cluster_6/tuple_19:cc_python_19_14:cc_python_14_7:cc_python_7,mi_vs_tokens,Yes,tokens,mi,mi,tokens
U0D7B9F2D4,9,17,cluster_4/tuple_28:cc_python_28_4:cc_python_4_11:cc_python_11_good,logprob_vs_tokens,Yes,tokens,logprob,logprob,tokens
U0D7B9F2D4,10,23,cluster_5/tuple_28:cc_python_28_1:cc_python_1_19:cc_python_19,logprob_vs_tokens,Yes,tokens,logprob,logprob,tokens
U7FC4E8A3C,1,29,cluster_6/tuple_12:cc_python_12_2:cc_python_2_11:cc_python_11,logprob_vs_tokens,Yes,tokens,logprob,logprob,tokens
U7FC4E8A3C,2,26,cluster_5/tuple_5:cc_python_5_29:cc_python_29_7:cc_python_7,logprob_vs_tokens,Yes,tokens,logprob,logprob,tokens
U7FC4E8A3C,3,0,cluster_0/tuple_29:cc_python_29_19:cc_python_19_13:cc_python_13,mi_vs_logprob,No,mi,logprob,mi,logprob
U7FC4E8A3C,4,23,cluster_5/tuple_28:cc_python_28_1:cc_python_1_19:cc_python_19,logprob_vs_tokens,Yes,tokens,logprob,logprob,tokens
U7FC4E8A3C,5,13,cluster_3/tuple_7:cc_python_7_29:cc_python_29_0:cc_python_0,mi_vs_tokens,Yes,tokens,mi,mi,tokens
U7FC4E8A3C,6,42,cluster_9/tuple_17:cc_python_17_16:cc_python_16_19:cc_python_19,logprob_vs_tokens,No,logprob,tokens,logprob,tokens
U7FC4E8A3C,7,10,cluster_3/tuple_6:cc_python_6_21:cc_python_21_9:cc_python_9,mi_vs_tokens,No,mi,tokens,mi,tokens
U7FC4E8A3C,8,44,cluster_9/tuple_8:cc_python_8_10:cc_python_10_20:cc_python_20,logprob_vs_tokens,Yes,tokens,logprob,logprob,tokens
U7FC4E8A3C,9,20,cluster_4/tuple_8:cc_python_8_9:cc_python_9_3:cc_python_3,logprob_vs_tokens,Yes,tokens,logprob,logprob,tokens
U7FC4E8A3C,10,37,cluster_8/tuple_24:cc_python_24_15:cc_python_15_10:cc_python_10,logprob_vs_tokens,No,logprob,tokens,logprob,tokens
UE6ED2E56B,1,5,cluster_2/tuple_5:cc_python_5_26:cc_python_26_22:cc_python_22,mi_vs_tokens,Yes,tokens,mi,mi,tokens
UE6ED2E56B,2,16,cluster_4/tuple_28:cc_python_28_4:cc_python_4_11:cc_python_11_good,mi_vs_tokens,No,mi,tokens,mi,tokens
UE6ED2E56B,3,35,cluster_7/tuple_16:cc_python_16_25:cc_python_25_19:cc_python_19,mi_vs_tokens,No,mi,tokens,mi,tokens
UE6ED2E56B,4,28,cluster_6/tuple_12:cc_python_12_2:cc_python_2_11:cc_python_11,mi_vs_tokens,Yes,tokens,mi,mi,tokens
UE6ED2E56B,5,11,cluster_3/tuple_6:cc_python_6_21:cc_python_21_9:cc_python_9,logprob_vs_tokens,Yes,tokens,logprob,logprob,tokens
UE6ED2E56B,6,32,cluster_7/tuple_11:cc_python_11_10:cc_python_10_27:cc_python_27,mi_vs_logprob,Yes,logprob,mi,mi,logprob
UE6ED2E56B,7,2,cluster_0/tuple_29:cc_python_29_19:cc_python_19_13:cc_python_13,logprob_vs_tokens,No,logprob,tokens,logprob,tokens
UE6ED2E56B,8,19,cluster_4/tuple_8:cc_python_8_9:cc_python_9_3:cc_python_3,mi_vs_tokens,No,mi,tokens,mi,tokens
UE6ED2E56B,9,31,cluster_6/tuple_19:cc_python_19_14:cc_python_14_7:cc_python_7,mi_vs_tokens,No,mi,tokens,mi,tokens
UE6ED2E56B,10,8,cluster_3/tuple_16:cc_python_16_19:cc_python_19_23:cc_python_23,logprob_vs_tokens,No,logprob,tokens,logprob,tokens
U3FB15CABE,1,32,cluster_7/tuple_11:cc_python_11_10:cc_python_10_27:cc_python_27,mi_vs_logprob,No,mi,logprob,mi,logprob
U3FB15CABE,2,43,cluster_9/tuple_8:cc_python_8_10:cc_python_10_20:cc_python_20,mi_vs_logprob,Yes,logprob,mi,mi,logprob
U3FB15CABE,3,38,cluster_8/tuple_28:cc_python_28_3:cc_python_3_29:cc_python_29,mi_vs_logprob,Yes,logprob,mi,mi,logprob
U3FB15CABE,4,24,cluster_5/tuple_5:cc_python_5_29:cc_python_29_7:cc_python_7,mi_vs_logprob,Yes,logprob,mi,mi,logprob
U3FB15CABE,5,18,cluster_4/tuple_8:cc_python_8_9:cc_python_9_3:cc_python_3,mi_vs_logprob,No,mi,logprob,mi,logprob
U3FB15CABE,6,22,cluster_5/tuple_28:cc_python_28_1:cc_python_1_19:cc_python_19,mi_vs_tokens,No,mi,tokens,mi,tokens
U3FB15CABE,7,28,cluster_6/tuple_12:cc_python_12_2:cc_python_2_11:cc_python_11,mi_vs_tokens,Yes,tokens,mi,mi,tokens
U3FB15CABE,8,36,cluster_8/tuple_24:cc_python_24_15:cc_python_15_10:cc_python_10,mi_vs_logprob,Yes,logprob,mi,mi,logprob
U3FB15CABE,9,15,cluster_4/tuple_28:cc_python_28_4:cc_python_4_11:cc_python_11_good,mi_vs_logprob,Yes,logprob,mi,mi,logprob
U3FB15CABE,10,34,cluster_7/tuple_16:cc_python_16_25:cc_python_25_19:cc_python_19,mi_vs_logprob,Yes,logprob,mi,mi,logprob
U61657B35F,1,35,cluster_7/tuple_16:cc_python_16_25:cc_python_25_19:cc_python_19,mi_vs_tokens,No,mi,tokens,mi,tokens
U61657B35F,2,5,cluster_2/tuple_5:cc_python_5_26:cc_python_26_22:cc_python_22,mi_vs_tokens,Yes,tokens,mi,mi,tokens
U61657B35F,3,30,cluster_6/tuple_19:cc_python_19_14:cc_python_14_7:cc_python_7,mi_vs_logprob,No,mi,logprob,mi,logprob
U61657B35F,4,32,cluster_7/tuple_11:cc_python_11_10:cc_python_10_27:cc_python_27,mi_vs_logprob,Yes,logprob,mi,mi,logprob
U61657B35F,5,20,cluster_4/tuple_8:cc_python_8_9:cc_python_9_3:cc_python_3,logprob_vs_tokens,No,logprob,tokens,logprob,tokens
U61657B35F,6,14,cluster_3/tuple_7:cc_python_7_29:cc_python_29_0:cc_python_0,logprob_vs_tokens,No,logprob,tokens,logprob,tokens
U61657B35F,7,2,cluster_0/tuple_29:cc_python_29_19:cc_python_19_13:cc_python_13,logprob_vs_tokens,Yes,tokens,logprob,logprob,tokens
U61657B35F,8,16,cluster_4/tuple_28:cc_python_28_4:cc_python_4_11:cc_python_11_good,mi_vs_tokens,Yes,tokens,mi,mi,tokens
U61657B35F,9,21,cluster_5/tuple_28:cc_python_28_1:cc_python_1_19:cc_python_19,mi_vs_logprob,No,mi,logprob,mi,logprob
U61657B35F,10,28,cluster_6/tuple_12:cc_python_12_2:cc_python_2_11:cc_python_11,mi_vs_tokens,Yes,tokens,mi,mi,tokens
U68DCBABDA,1,30,cluster_6/tuple_19:cc_python_19_14:cc_python_14_7:cc_python_7,mi_vs_logprob,Yes,logprob,mi,mi,logprob
U68DCBABDA,2,35,cluster_7/tuple_16:cc_python_16_25:cc_python_25_19:cc_python_19,mi_vs_tokens,Yes,tokens,mi,mi,tokens
U68DCBABDA,3,29,cluster_6/tuple_12:cc_python_12_2:cc_python_2_11:cc_python_11,logprob_vs_tokens,Yes,tokens,logprob,logprob,tokens
U68DCBABDA,4,10,cluster_3/tuple_6:cc_python_6_21:cc_python_21_9:cc_python_9,mi_vs_tokens,Yes,tokens,mi,mi,tokens
U68DCBABDA,5,16,cluster_4/tuple_28:cc_python_28_4:cc_python_4_11:cc_python_11_good,mi_vs_tokens,Yes,tokens,mi,mi,tokens
U68DCBABDA,6,24,cluster_5/tuple_5:cc_python_5_29:cc_python_29_7:cc_python_7,mi_vs_logprob,No,mi,logprob,mi,logprob
U68DCBABDA,7,1,cluster_0/tuple_29:cc_python_29_19:cc_python_19_13:cc_python_13,mi_vs_tokens,No,mi,tokens,mi,tokens
U68DCBABDA,8,21,cluster_5/tuple_28:cc_python_28_1:cc_python_1_19:cc_python_19,mi_vs_logprob,No,mi,logprob,mi,logprob
U68DCBABDA,9,43,cluster_9/tuple_8:cc_python_8_10:cc_python_10_20:cc_python_20,mi_vs_logprob,Yes,logprob,mi,mi,logprob
U68DCBABDA,10,19,cluster_4/tuple_8:cc_python_8_9:cc_python_9_3:cc_python_3,mi_vs_tokens,No,mi,tokens,mi,tokens
U2A1847A8A,1,3,cluster_1/tuple_2:cc_python_2_27:cc_python_27_5:cc_python_5,mi_vs_logprob,Yes,logprob,mi,mi,logprob
U2A1847A8A,2,44,cluster_9/tuple_8:cc_python_8_10:cc_python_10_20:cc_python_20,logprob_vs_tokens,Yes,tokens,logprob,logprob,tokens
U2A1847A8A,3,25,cluster_5/tuple_5:cc_python_5_29:cc_python_29_7:cc_python_7,mi_vs_tokens,No,mi,tokens,mi,tokens
U2A1847A8A,4,1,cluster_0/tuple_29:cc_python_29_19:cc_python_19_13:cc_python_13,mi_vs_tokens,Yes,tokens,mi,mi,tokens
U2A1847A8A,5,8,cluster_3/tuple_16:cc_python_16_19:cc_python_19_23:cc_python_23,logprob_vs_tokens,No,logprob,tokens,logprob,tokens
U2A1847A8A,6,38,cluster_8/tuple_28:cc_python_28_3:cc_python_3_29:cc_python_29,mi_vs_logprob,No,mi,logprob,mi,logprob
U2A1847A8A,7,14,cluster_3/tuple_7:cc_python_7_29:cc_python_29_0:cc_python_0,logprob_vs_tokens,No,logprob,tokens,logprob,tokens
U2A1847A8A,8,27,cluster_6/tuple_12:cc_python_12_2:cc_python_2_11:cc_python_11,mi_vs_logprob,No,mi,logprob,mi,logprob
U2A1847A8A,9,34,cluster_7/tuple_16:cc_python_16_25:cc_python_25_19:cc_python_19,mi_vs_logprob,No,mi,logprob,mi,logprob
U2A1847A8A,10,11,cluster_3/tuple_6:cc_python_6_21:cc_python_21_9:cc_python_9,logprob_vs_tokens,No,logprob,tokens,logprob,tokens
UA2EA58DFF,1,27,cluster_6/tuple_12:cc_python_12_2:cc_python_2_11:cc_python_11,mi_vs_logprob,Yes,logprob,mi,mi,logprob
UA2EA58DFF,2,21,cluster_5/tuple_28:cc_python_28_1:cc_python_1_19:cc_python_19,mi_vs_logprob,Yes,logprob,mi,mi,logprob
UA2EA58DFF,3,4,cluster_1/tuple_2:cc_python_2_27:cc_python_27_5:cc_python_5,mi_vs_tokens,No,mi,tokens,mi,tokens
UA2EA58DFF,4,1,cluster_0/tuple_29:cc_python_29_19:cc_python_19_13:cc_python_13,mi_vs_tokens,Yes,tokens,mi,mi,tokens
UA2EA58DFF,5,8,cluster_3/tuple_16:cc_python_16_19:cc_python_19_23:cc_python_23,logprob_vs_tokens,Yes,tokens,logprob,logprob,tokens
UA2EA58DFF,6,35,cluster_7/tuple_16:cc_python_16_25:cc_python_25_19:cc_python_19,mi_vs_tokens,Yes,tokens,mi,mi,tokens
UA2EA58DFF,7,32,cluster_7/tuple_11:cc_python_11_10:cc_python_10_27:cc_python_27,mi_vs_logprob,No,mi,logprob,mi,logprob
UA2EA58DFF,8,18,cluster_4/tuple_8:cc_python_8_9:cc_python_9_3:cc_python_3,mi_vs_logprob,Yes,logprob,mi,mi,logprob
UA2EA58DFF,9,38,cluster_8/tuple_28:cc_python_28_3:cc_python_3_29:cc_python_29,mi_vs_logprob,Yes,logprob,mi,mi,logprob
UA2EA58DFF,10,13,cluster_3/tuple_7:cc_python_7_29:cc_python_29_0:cc_python_0,mi_vs_tokens,No,mi,tokens,mi,tokens
U798B7CC2F,1,6,cluster_2/tuple_5:cc_python_5_26:cc_python_26_22:cc_python_22,logprob_vs_tokens,Yes,tokens,logprob,logprob,tokens
U798B7CC2F,2,36,cluster_8/tuple_24:cc_python_24_15:cc_python_15_10:cc_python_10,mi_vs_logprob,Yes,logprob,mi,mi,logprob
U798B7CC2F,3,10,cluster_3/tuple_6:cc_python_6_21:cc_python_21_9:cc_python_9,mi_vs_tokens,Yes,tokens,mi,mi,tokens
U798B7CC2F,4,28,cluster_6/tuple_12:cc_python_12_2:cc_python_2_11:cc_python_11,mi_vs_tokens,Yes,tokens,mi,mi,tokens
U798B7CC2F,5,26,cluster_5/tuple_5:cc_python_5_29:cc_python_29_7:cc_python_7,logprob_vs_tokens,Yes,tokens,logprob,logprob,tokens
U798B7CC2F,6,19,cluster_4/tuple_8:cc_python_8_9:cc_python_9_3:cc_python_3,mi_vs_tokens,Yes,tokens,mi,mi,tokens
U798B7CC2F,7,44,cluster_9/tuple_8:cc_python_8_10:cc_python_10_20:cc_python_20,logprob_vs_tokens,Yes,tokens,logprob,logprob,tokens
U798B7CC2F,8,22,cluster_5/tuple_28:cc_python_28_1:cc_python_1_19:cc_python_19,mi_vs_tokens,No,mi,tokens,mi,tokens
U798B7CC2F,9,17,cluster_4/tuple_28:cc_python_28_4:cc_python_4_11:cc_python_11_good,logprob_vs_tokens,Yes,tokens,logprob,logprob,tokens
U798B7CC2F,10,32,cluster_7/tuple_11:cc_python_11_10:cc_python_10_27:cc_python_27,mi_vs_logprob,Yes,logprob,mi,mi,logprob
UACE7A7A75,1,36,cluster_8/tuple_24:cc_python_24_15:cc_python_15_10:cc_python_10,mi_vs_logprob,Yes,logprob,mi,mi,logprob
UACE7A7A75,2,16,cluster_4/tuple_28:cc_python_28_4:cc_python_4_11:cc_python_11_good,mi_vs_tokens,Yes,tokens,mi,mi,tokens
UACE7A7A75,3,12,cluster_3/tuple_7:cc_python_7_29:cc_python_29_0:cc_python_0,mi_vs_logprob,No,mi,logprob,mi,logprob
UACE7A7A75,4,1,cluster_0/tuple_29:cc_python_29_19:cc_python_19_13:cc_python_13,mi_vs_tokens,No,mi,tokens,mi,tokens
UACE7A7A75,5,25,cluster_5/tuple_5:cc_python_5_29:cc_python_29_7:cc_python_7,mi_vs_tokens,No,mi,tokens,mi,tokens
UACE7A7A75,6,4,cluster_1/tuple_2:cc_python_2_27:cc_python_27_5:cc_python_5,mi_vs_tokens,Yes,tokens,mi,mi,tokens
UACE7A7A75,7,18,cluster_4/tuple_8:cc_python_8_9:cc_python_9_3:cc_python_3,mi_vs_logprob,No,mi,logprob,mi,logprob
UACE7A7A75,8,11,cluster_3/tuple_6:cc_python_6_21:cc_python_21_9:cc_python_9,logprob_vs_tokens,Yes,tokens,logprob,logprob,tokens
UACE7A7A75,9,38,cluster_8/tuple_28:cc_python_28_3:cc_python_3_29:cc_python_29,mi_vs_logprob,No,mi,logprob,mi,logprob
UACE7A7A75,10,33,cluster_7/tuple_11:cc_python_11_10:cc_python_10_27:cc_python_27,mi_vs_tokens,No,mi,tokens,mi,tokens
U685E8C7FC,1,19,cluster_4/tuple_8:cc_python_8_9:cc_python_9_3:cc_python_3,mi_vs_tokens,Yes,tokens,mi,mi,tokens
U685E8C7FC,2,6,cluster_2/tuple_5:cc_python_5_26:cc_python_26_22:cc_python_22,logprob_vs_tokens,No,logprob,tokens,logprob,tokens
U685E8C7FC,3,16,cluster_4/tuple_28:cc_python_28_4:cc_python_4_11:cc_python_11_good,mi_vs_tokens,No,mi,tokens,mi,tokens
U685E8C7FC,4,42,cluster_9/tuple_17:cc_python_17_16:cc_python_16_19:cc_python_19,logprob_vs_tokens,No,logprob,tokens,logprob,tokens
U685E8C7FC,5,9,cluster_3/tuple_6:cc_python_6_21:cc_python_21_9:cc_python_9,mi_vs_logprob,Yes,logprob,mi,mi,logprob
U685E8C7FC,6,2,cluster_0/tuple_29:cc_python_29_19:cc_python_19_13:cc_python_13,logprob_vs_tokens,Yes,tokens,logprob,logprob,tokens
U685E8C7FC,7,36,cluster_8/tuple_24:cc_python_24_15:cc_python_15_10:cc_python_10,mi_vs_logprob,No,mi,logprob,mi,logprob
U685E8C7FC,8,14,cluster_3/tuple_7:cc_python_7_29:cc_python_29_0:cc_python_0,logprob_vs_tokens,Yes,tokens,logprob,logprob,tokens
U685E8C7FC,9,21,cluster_5/tuple_28:cc_python_28_1:cc_python_1_19:cc_python_19,mi_vs_logprob,Yes,logprob,mi,mi,logprob
U685E8C7FC,10,28,cluster_6/tuple_12:cc_python_12_2:cc_python_2_11:cc_python_11,mi_vs_tokens,Yes,tokens,mi,mi,tokens
UFC676F211,1,14,cluster_3/tuple_7:cc_python_7_29:cc_python_29_0:cc_python_0,logprob_vs_tokens,No,logprob,tokens,logprob,tokens
UFC676F211,2,9,cluster_3/tuple_6:cc_python_6_21:cc_python_21_9:cc_python_9,mi_vs_logprob,Yes,logprob,mi,mi,logprob
UFC676F211,3,20,cluster_4/tuple_8:cc_python_8_9:cc_python_9_3:cc_python_3,logprob_vs_tokens,No,logprob,tokens,logprob,tokens
UFC676F211,4,3,cluster_1/tuple_2:cc_python_2_27:cc_python_27_5:cc_python_5,mi_vs_logprob,Yes,logprob,mi,mi,logprob
UFC676F211,5,42,cluster_9/tuple_17:cc_python_17_16:cc_python_16_19:cc_python_19,logprob_vs_tokens,Yes,tokens,logprob,logprob,tokens
UFC676F211,6,38,cluster_8/tuple_28:cc_python_28_3:cc_python_3_29:cc_python_29,mi_vs_logprob,No,mi,logprob,mi,logprob
UFC676F211,7,17,cluster_4/tuple_28:cc_python_28_4:cc_python_4_11:cc_python_11_good,logprob_vs_tokens,No,logprob,tokens,logprob,tokens
UFC676F211,8,27,cluster_6/tuple_12:cc_python_12_2:cc_python_2_11:cc_python_11,mi_vs_logprob,Yes,logprob,mi,mi,logprob
UFC676F211,9,2,cluster_0/tuple_29:cc_python_29_19:cc_python_19_13:cc_python_13,logprob_vs_tokens,No,logprob,tokens,logprob,tokens
UFC676F211,10,21,cluster_5/tuple_28:cc_python_28_1:cc_python_1_19:cc_python_19,mi_vs_logprob,No,mi,logprob,mi,logprob
UACF3BE15C,1,1,cluster_0/tuple_29:cc_python_29_19:cc_python_19_13:cc_python_13,mi_vs_tokens,Yes,tokens,mi,mi,tokens
UACF3BE15C,2,6,cluster_2/tuple_5:cc_python_5_26:cc_python_26_22:cc_python_22,logprob_vs_tokens,No,logprob,tokens,logprob,tokens
UACF3BE15C,3,36,cluster_8/tuple_24:cc_python_24_15:cc_python_15_10:cc_python_10,mi_vs_logprob,Yes,logprob,mi,mi,logprob
UACF3BE15C,4,9,cluster_3/tuple_6:cc_python_6_21:cc_python_21_9:cc_python_9,mi_vs_logprob,Yes,logprob,mi,mi,logprob
UACF3BE15C,5,17,cluster_4/tuple_28:cc_python_28_4:cc_python_4_11:cc_python_11_good,logprob_vs_tokens,No,logprob,tokens,logprob,tokens
UACF3BE15C,6,3,cluster_1/tuple_2:cc_python_2_27:cc_python_27_5:cc_python_5,mi_vs_logprob,Yes,logprob,mi,mi,logprob
UACF3BE15C,7,24,cluster_5/tuple_5:cc_python_5_29:cc_python_29_7:cc_python_7,mi_vs_logprob,Yes,logprob,mi,mi,logprob
UACF3BE15C,8,28,cluster_6/tuple_12:cc_python_12_2:cc_python_2_11:cc_python_11,mi_vs_tokens,Yes,tokens,mi,mi,tokens
UACF3BE15C,9,13,cluster_3/tuple_7:cc_python_7_29:cc_python_29_0:cc_python_0,mi_vs_tokens,No,mi,tokens,mi,tokens
UACF3BE15C,10,20,cluster_4/tuple_8:cc_python_8_9:cc_python_9_3:cc_python_3,logprob_vs_tokens,No,logprob,tokens,logprob,tokens
U33109D65F,1,1,cluster_0/tuple_29:cc_python_29_19:cc_python_19_13:cc_python_13,mi_vs_tokens,Yes,tokens,mi,mi,tokens
U33109D65F,2,39,cluster_8/tuple_28:cc_python_28_3:cc_python_3_29:cc_python_29,mi_vs_tokens,No,mi,tokens,mi,tokens
U33109D65F,3,10,cluster_3/tuple_6:cc_python_6_21:cc_python_21_9:cc_python_9,mi_vs_tokens,Yes,tokens,mi,mi,tokens
U33109D65F,4,8,cluster_3/tuple_16:cc_python_16_19:cc_python_19_23:cc_python_23,logprob_vs_tokens,No,logprob,tokens,logprob,tokens
U33109D65F,5,6,cluster_2/tuple_5:cc_python_5_26:cc_python_26_22:cc_python_22,logprob_vs_tokens,No,logprob,tokens,logprob,tokens
U33109D65F,6,24,cluster_5/tuple_5:cc_python_5_29:cc_python_29_7:cc_python_7,mi_vs_logprob,No,mi,logprob,mi,logprob
U33109D65F,7,17,cluster_4/tuple_28:cc_python_28_4:cc_python_4_11:cc_python_11_good,logprob_vs_tokens,Yes,tokens,logprob,logprob,tokens
U33109D65F,8,23,cluster_5/tuple_28:cc_python_28_1:cc_python_1_19:cc_python_19,logprob_vs_tokens,Yes,tokens,logprob,logprob,tokens
U33109D65F,9,27,cluster_6/tuple_12:cc_python_12_2:cc_python_2_11:cc_python_11,mi_vs_logprob,No,mi,logprob,mi,logprob
U33109D65F,10,12,cluster_3/tuple_7:cc_python_7_29:cc_python_29_0:cc_python_0,mi_vs_logprob,No,mi,logprob,mi,logprob
U9A685B9DD,1,15,cluster_4/tuple_28:cc_python_28_4:cc_python_4_11:cc_python_11_good,mi_vs_logprob,Yes,logprob,mi,mi,logprob
U9A685B9DD,2,27,cluster_6/tuple_12:cc_python_12_2:cc_python_2_11:cc_python_11,mi_vs_logprob,Yes,logprob,mi,mi,logprob
U9A685B9DD,3,37,cluster_8/tuple_24:cc_python_24_15:cc_python_15_10:cc_python_10,logprob_vs_tokens,No,logprob,tokens,logprob,tokens
U9A685B9DD,4,35,cluster_7/tuple_16:cc_python_16_25:cc_python_25_19:cc_python_19,mi_vs_tokens,Yes,tokens,mi,mi,tokens
U9A685B9DD,5,38,cluster_8/tuple_28:cc_python_28_3:cc_python_3_29:cc_python_29,mi_vs_logprob,No,mi,logprob,mi,logprob
U9A685B9DD,6,0,cluster_0/tuple_29:cc_python_29_19:cc_python_19_13:cc_python_13,mi_vs_logprob,Yes,logprob,mi,mi,logprob
U9A685B9DD,7,6,cluster_2/tuple_5:cc_python_5_26:cc_python_26_22:cc_python_22,logprob_vs_tokens,No,logprob,tokens,logprob,tokens
U9A685B9DD,8,10,cluster_3/tuple_6:cc_python_6_21:cc_python_21_9:cc_python_9,mi_vs_tokens,No,mi,tokens,mi,tokens
U9A685B9DD,9,14,cluster_3/tuple_7:cc_python_7_29:cc_python_29_0:cc_python_0,logprob_vs_tokens,Yes,tokens,logprob,logprob,tokens
U9A685B9DD,10,24,cluster_5/tuple_5:cc_python_5_29:cc_python_29_7:cc_python_7,mi_vs_logprob,Yes,logprob,mi,mi,logprob
